ticket_id,customer_id,order_id,product_id,topic,message,created_at
T000001,C00142,O000005,P002,product_question,상품 크기와 소재를 확인하고 싶습니다. 상세 페이지의 치수 외에 실제 사용 시 필요한 공간도 안내 부탁드립니다.,2026-10-06T22:40:39
T000002,C00164,O000008,P002,product_question,상품 크기와 소재를 확인하고 싶습니다. 상세 페이지의 치수 외에 실제 사용 시 필요한 공간도 안내 부탁드립니다.,2026-10-06T17:14:43
T000003,C00103,O000009,P007,refund_request,배송이 여러 차례 지연되어 더 이상 기다리기 어렵습니다. 처음 안내된 예정일보다 많이 늦어졌고 별도 안내도 충분하지 않았습니다. 상품을 아직 수령하지 않은 상태에서 환불 가능한지와 결제 취소에 걸리는 시간을 확인하고 싶습니다.,2026-10-06T10:13:58
T000004,C00043,O000027,P007,delivery_delay,배송 예정일이 이미 지났는데 상품이 아직 도착하지 않았습니다. 배송 조회 화면의 상태도 며칠째 바뀌지 않아 현재 어느 단계인지 확인하기 어렵습니다. 정확한 도착 예정일과 지연 사유를 안내해 주세요. 일정상 더 지연되면 주문 취소 또는 환불도 검토하고 있습니다.,2026-10-06T16:30:13
T000005,C00159,O000042,P003,delivery_question,주문한 상품의 현재 배송 상태와 예상 도착일을 확인하고 싶습니다. 주문번호 기준으로 안내 부탁드립니다.,2026-10-06T11:59:59
T000006,C00072,O000045,P007,delivery_delay,배송 예정일이 이미 지났는데 상품이 아직 도착하지 않았습니다. 배송 조회 화면의 상태도 며칠째 바뀌지 않아 현재 어느 단계인지 확인하기 어렵습니다. 정확한 도착 예정일과 지연 사유를 안내해 주세요. 일정상 더 지연되면 주문 취소 또는 환불도 검토하고 있습니다.,2026-10-06T19:32:25
T000007,C00043,O000063,P007,refund_request,배송이 여러 차례 지연되어 더 이상 기다리기 어렵습니다. 처음 안내된 예정일보다 많이 늦어졌고 별도 안내도 충분하지 않았습니다. 상품을 아직 수령하지 않은 상태에서 환불 가능한지와 결제 취소에 걸리는 시간을 확인하고 싶습니다.,2026-10-06T11:39:34
T000008,C00135,O000079,P007,delivery_delay,배송 예정일이 이미 지났는데 상품이 아직 도착하지 않았습니다. 배송 조회 화면의 상태도 며칠째 바뀌지 않아 현재 어느 단계인지 확인하기 어렵습니다. 정확한 도착 예정일과 지연 사유를 안내해 주세요. 일정상 더 지연되면 주문 취소 또는 환불도 검토하고 있습니다.,2026-10-06T13:06:53
T000009,C00098,O000106,P007,delivery_delay,배송 예정일이 이미 지났는데 상품이 아직 도착하지 않았습니다. 배송 조회 화면의 상태도 며칠째 바뀌지 않아 현재 어느 단계인지 확인하기 어렵습니다. 정확한 도착 예정일과 지연 사유를 안내해 주세요. 일정상 더 지연되면 주문 취소 또는 환불도 검토하고 있습니다.,2026-10-06T19:45:56
T000010,C00028,O000119,P007,refund_request,배송이 여러 차례 지연되어 더 이상 기다리기 어렵습니다. 처음 안내된 예정일보다 많이 늦어졌고 별도 안내도 충분하지 않았습니다. 상품을 아직 수령하지 않은 상태에서 환불 가능한지와 결제 취소에 걸리는 시간을 확인하고 싶습니다.,2026-10-06T12:30:01
T000011,C00071,O000127,P004,product_question,상품 크기와 소재를 확인하고 싶습니다. 상세 페이지의 치수 외에 실제 사용 시 필요한 공간도 안내 부탁드립니다.,2026-10-06T11:34:16
T000012,C00093,O000129,P003,delivery_question,주문한 상품의 현재 배송 상태와 예상 도착일을 확인하고 싶습니다. 주문번호 기준으로 안내 부탁드립니다.,2026-10-06T18:06:28
T000013,C00136,O000132,P007,refund_request,배송이 여러 차례 지연되어 더 이상 기다리기 어렵습니다. 처음 안내된 예정일보다 많이 늦어졌고 별도 안내도 충분하지 않았습니다. 상품을 아직 수령하지 않은 상태에서 환불 가능한지와 결제 취소에 걸리는 시간을 확인하고 싶습니다.,2026-10-06T16:32:38
T000014,C00165,O000139,P004,delivery_question,주문한 상품의 현재 배송 상태와 예상 도착일을 확인하고 싶습니다. 주문번호 기준으로 안내 부탁드립니다.,2026-10-06T09:38:59
T000015,C00146,O000142,P004,product_question,상품 크기와 소재를 확인하고 싶습니다. 상세 페이지의 치수 외에 실제 사용 시 필요한 공간도 안내 부탁드립니다.,2026-10-06T10:56:03
T000016,C00174,O000144,P001,delivery_question,주문한 상품의 현재 배송 상태와 예상 도착일을 확인하고 싶습니다. 주문번호 기준으로 안내 부탁드립니다.,2026-10-06T18:31:33
T000017,C00036,O000145,P007,refund_request,배송이 여러 차례 지연되어 더 이상 기다리기 어렵습니다. 처음 안내된 예정일보다 많이 늦어졌고 별도 안내도 충분하지 않았습니다. 상품을 아직 수령하지 않은 상태에서 환불 가능한지와 결제 취소에 걸리는 시간을 확인하고 싶습니다.,2026-10-06T13:20:07
T000018,C00023,O000148,P007,delivery_delay,배송 예정일이 이미 지났는데 상품이 아직 도착하지 않았습니다. 배송 조회 화면의 상태도 며칠째 바뀌지 않아 현재 어느 단계인지 확인하기 어렵습니다. 정확한 도착 예정일과 지연 사유를 안내해 주세요. 일정상 더 지연되면 주문 취소 또는 환불도 검토하고 있습니다.,2026-10-06T22:06:15
T000019,C00039,O000155,P003,delivery_question,주문한 상품의 현재 배송 상태와 예상 도착일을 확인하고 싶습니다. 주문번호 기준으로 안내 부탁드립니다.,2026-10-06T16:06:51
T000020,C00142,O000174,P007,refund_request,배송이 여러 차례 지연되어 더 이상 기다리기 어렵습니다. 처음 안내된 예정일보다 많이 늦어졌고 별도 안내도 충분하지 않았습니다. 상품을 아직 수령하지 않은 상태에서 환불 가능한지와 결제 취소에 걸리는 시간을 확인하고 싶습니다.,2026-10-06T15:55:30
T000021,C00094,O000183,P004,product_question,상품 크기와 소재를 확인하고 싶습니다. 상세 페이지의 치수 외에 실제 사용 시 필요한 공간도 안내 부탁드립니다.,2026-10-06T21:47:43
T000022,C00107,O000210,P004,delivery_question,주문한 상품의 현재 배송 상태와 예상 도착일을 확인하고 싶습니다. 주문번호 기준으로 안내 부탁드립니다.,2026-10-06T13:50:57
T000023,C00074,O000216,P007,refund_request,배송이 여러 차례 지연되어 더 이상 기다리기 어렵습니다. 처음 안내된 예정일보다 많이 늦어졌고 별도 안내도 충분하지 않았습니다. 상품을 아직 수령하지 않은 상태에서 환불 가능한지와 결제 취소에 걸리는 시간을 확인하고 싶습니다.,2026-10-06T12:44:45
T000024,C00084,O000226,P003,delivery_question,주문한 상품의 현재 배송 상태와 예상 도착일을 확인하고 싶습니다. 주문번호 기준으로 안내 부탁드립니다.,2026-10-06T15:42:06
T000025,C00029,O000232,P007,package_damage,"상품은 도착했지만 외부 박스가 찢어지고 모서리가 크게 눌려 있습니다. 내부 제품의 사용 가능 여부를 바로 판단하기 어려워 사진을 보관하고 있습니다. 교환이 필요한 경우 절차와 회수 일정, 새 상품 발송 시점을 함께 안내 부탁드립니다.",2026-10-06T22:35:57
T000026,C00114,O000233,P007,package_damage,"상품은 도착했지만 외부 박스가 찢어지고 모서리가 크게 눌려 있습니다. 내부 제품의 사용 가능 여부를 바로 판단하기 어려워 사진을 보관하고 있습니다. 교환이 필요한 경우 절차와 회수 일정, 새 상품 발송 시점을 함께 안내 부탁드립니다.",2026-10-06T19:13:45
T000027,C00012,O000235,P004,delivery_question,주문한 상품의 현재 배송 상태와 예상 도착일을 확인하고 싶습니다. 주문번호 기준으로 안내 부탁드립니다.,2026-10-06T14:44:04
T000028,C00018,O000241,P002,product_question,상품 크기와 소재를 확인하고 싶습니다. 상세 페이지의 치수 외에 실제 사용 시 필요한 공간도 안내 부탁드립니다.,2026-10-06T18:02:28
T000029,C00172,O000245,P007,delivery_delay,배송 예정일이 이미 지났는데 상품이 아직 도착하지 않았습니다. 배송 조회 화면의 상태도 며칠째 바뀌지 않아 현재 어느 단계인지 확인하기 어렵습니다. 정확한 도착 예정일과 지연 사유를 안내해 주세요. 일정상 더 지연되면 주문 취소 또는 환불도 검토하고 있습니다.,2026-10-06T21:33:20
T000030,C00053,O000247,P002,delivery_question,주문한 상품의 현재 배송 상태와 예상 도착일을 확인하고 싶습니다. 주문번호 기준으로 안내 부탁드립니다.,2026-10-06T19:05:59
T000031,C00140,O000255,P001,product_question,상품 크기와 소재를 확인하고 싶습니다. 상세 페이지의 치수 외에 실제 사용 시 필요한 공간도 안내 부탁드립니다.,2026-10-06T11:58:56
T000032,C00020,O000256,P007,refund_request,배송이 여러 차례 지연되어 더 이상 기다리기 어렵습니다. 처음 안내된 예정일보다 많이 늦어졌고 별도 안내도 충분하지 않았습니다. 상품을 아직 수령하지 않은 상태에서 환불 가능한지와 결제 취소에 걸리는 시간을 확인하고 싶습니다.,2026-10-06T09:48:00
T000033,C00125,O000258,P003,delivery_question,주문한 상품의 현재 배송 상태와 예상 도착일을 확인하고 싶습니다. 주문번호 기준으로 안내 부탁드립니다.,2026-10-06T09:34:35
T000034,C00046,O000259,P007,package_damage,"상품은 도착했지만 외부 박스가 찢어지고 모서리가 크게 눌려 있습니다. 내부 제품의 사용 가능 여부를 바로 판단하기 어려워 사진을 보관하고 있습니다. 교환이 필요한 경우 절차와 회수 일정, 새 상품 발송 시점을 함께 안내 부탁드립니다.",2026-10-06T10:33:09
T000035,C00021,O000261,P004,product_question,상품 크기와 소재를 확인하고 싶습니다. 상세 페이지의 치수 외에 실제 사용 시 필요한 공간도 안내 부탁드립니다.,2026-10-06T22:41:48
T000036,C00085,O000266,P007,refund_request,배송이 여러 차례 지연되어 더 이상 기다리기 어렵습니다. 처음 안내된 예정일보다 많이 늦어졌고 별도 안내도 충분하지 않았습니다. 상품을 아직 수령하지 않은 상태에서 환불 가능한지와 결제 취소에 걸리는 시간을 확인하고 싶습니다.,2026-10-06T21:47:08
T000037,C00084,O000268,P007,refund_request,배송이 여러 차례 지연되어 더 이상 기다리기 어렵습니다. 처음 안내된 예정일보다 많이 늦어졌고 별도 안내도 충분하지 않았습니다. 상품을 아직 수령하지 않은 상태에서 환불 가능한지와 결제 취소에 걸리는 시간을 확인하고 싶습니다.,2026-10-06T19:17:50
T000038,C00063,O000273,P007,package_damage,"상품은 도착했지만 외부 박스가 찢어지고 모서리가 크게 눌려 있습니다. 내부 제품의 사용 가능 여부를 바로 판단하기 어려워 사진을 보관하고 있습니다. 교환이 필요한 경우 절차와 회수 일정, 새 상품 발송 시점을 함께 안내 부탁드립니다.",2026-10-06T17:10:43
T000039,C00145,O000283,P004,delivery_question,주문한 상품의 현재 배송 상태와 예상 도착일을 확인하고 싶습니다. 주문번호 기준으로 안내 부탁드립니다.,2026-10-06T19:41:25
T000040,C00133,O000288,P007,package_damage,"상품은 도착했지만 외부 박스가 찢어지고 모서리가 크게 눌려 있습니다. 내부 제품의 사용 가능 여부를 바로 판단하기 어려워 사진을 보관하고 있습니다. 교환이 필요한 경우 절차와 회수 일정, 새 상품 발송 시점을 함께 안내 부탁드립니다.",2026-10-06T17:10:21
T000041,C00126,O000297,P007,package_damage,"상품은 도착했지만 외부 박스가 찢어지고 모서리가 크게 눌려 있습니다. 내부 제품의 사용 가능 여부를 바로 판단하기 어려워 사진을 보관하고 있습니다. 교환이 필요한 경우 절차와 회수 일정, 새 상품 발송 시점을 함께 안내 부탁드립니다.",2026-10-06T10:36:01
T000042,C00012,O000310,P007,package_damage,"상품은 도착했지만 외부 박스가 찢어지고 모서리가 크게 눌려 있습니다. 내부 제품의 사용 가능 여부를 바로 판단하기 어려워 사진을 보관하고 있습니다. 교환이 필요한 경우 절차와 회수 일정, 새 상품 발송 시점을 함께 안내 부탁드립니다.",2026-10-06T19:50:53
T000043,C00025,O000313,P001,delivery_question,주문한 상품의 현재 배송 상태와 예상 도착일을 확인하고 싶습니다. 주문번호 기준으로 안내 부탁드립니다.,2026-10-06T12:30:04
T000044,C00142,O000318,P001,delivery_question,주문한 상품의 현재 배송 상태와 예상 도착일을 확인하고 싶습니다. 주문번호 기준으로 안내 부탁드립니다.,2026-10-06T18:46:38
T000045,C00010,O000331,P007,delivery_delay,배송 예정일이 이미 지났는데 상품이 아직 도착하지 않았습니다. 배송 조회 화면의 상태도 며칠째 바뀌지 않아 현재 어느 단계인지 확인하기 어렵습니다. 정확한 도착 예정일과 지연 사유를 안내해 주세요. 일정상 더 지연되면 주문 취소 또는 환불도 검토하고 있습니다.,2026-10-06T21:58:45
T000046,C00018,O000333,P007,refund_request,배송이 여러 차례 지연되어 더 이상 기다리기 어렵습니다. 처음 안내된 예정일보다 많이 늦어졌고 별도 안내도 충분하지 않았습니다. 상품을 아직 수령하지 않은 상태에서 환불 가능한지와 결제 취소에 걸리는 시간을 확인하고 싶습니다.,2026-10-06T22:18:49
T000047,C00008,O000344,P007,delivery_delay,배송 예정일이 이미 지났는데 상품이 아직 도착하지 않았습니다. 배송 조회 화면의 상태도 며칠째 바뀌지 않아 현재 어느 단계인지 확인하기 어렵습니다. 정확한 도착 예정일과 지연 사유를 안내해 주세요. 일정상 더 지연되면 주문 취소 또는 환불도 검토하고 있습니다.,2026-10-06T22:28:35
T000048,C00175,O000348,P001,product_question,상품 크기와 소재를 확인하고 싶습니다. 상세 페이지의 치수 외에 실제 사용 시 필요한 공간도 안내 부탁드립니다.,2026-10-06T11:22:13
T000049,C00089,O000351,P007,package_damage,"상품은 도착했지만 외부 박스가 찢어지고 모서리가 크게 눌려 있습니다. 내부 제품의 사용 가능 여부를 바로 판단하기 어려워 사진을 보관하고 있습니다. 교환이 필요한 경우 절차와 회수 일정, 새 상품 발송 시점을 함께 안내 부탁드립니다.",2026-10-06T17:20:24
T000050,C00008,O000354,P007,package_damage,"상품은 도착했지만 외부 박스가 찢어지고 모서리가 크게 눌려 있습니다. 내부 제품의 사용 가능 여부를 바로 판단하기 어려워 사진을 보관하고 있습니다. 교환이 필요한 경우 절차와 회수 일정, 새 상품 발송 시점을 함께 안내 부탁드립니다.",2026-10-06T20:22:36
T000051,C00045,O000355,P003,product_question,상품 크기와 소재를 확인하고 싶습니다. 상세 페이지의 치수 외에 실제 사용 시 필요한 공간도 안내 부탁드립니다.,2026-10-06T09:05:03
T000052,C00146,O000360,P007,refund_request,배송이 여러 차례 지연되어 더 이상 기다리기 어렵습니다. 처음 안내된 예정일보다 많이 늦어졌고 별도 안내도 충분하지 않았습니다. 상품을 아직 수령하지 않은 상태에서 환불 가능한지와 결제 취소에 걸리는 시간을 확인하고 싶습니다.,2026-10-06T11:38:20
T000053,C00123,O000364,P001,delivery_question,주문한 상품의 현재 배송 상태와 예상 도착일을 확인하고 싶습니다. 주문번호 기준으로 안내 부탁드립니다.,2026-10-06T19:48:43
T000054,C00158,O000366,P002,delivery_question,주문한 상품의 현재 배송 상태와 예상 도착일을 확인하고 싶습니다. 주문번호 기준으로 안내 부탁드립니다.,2026-10-06T20:01:27
T000055,C00147,O000374,P007,refund_request,배송이 여러 차례 지연되어 더 이상 기다리기 어렵습니다. 처음 안내된 예정일보다 많이 늦어졌고 별도 안내도 충분하지 않았습니다. 상품을 아직 수령하지 않은 상태에서 환불 가능한지와 결제 취소에 걸리는 시간을 확인하고 싶습니다.,2026-10-06T16:19:05
T000056,C00045,O000380,P003,delivery_question,주문한 상품의 현재 배송 상태와 예상 도착일을 확인하고 싶습니다. 주문번호 기준으로 안내 부탁드립니다.,2026-10-06T15:09:39
T000057,C00146,O000385,P007,package_damage,"상품은 도착했지만 외부 박스가 찢어지고 모서리가 크게 눌려 있습니다. 내부 제품의 사용 가능 여부를 바로 판단하기 어려워 사진을 보관하고 있습니다. 교환이 필요한 경우 절차와 회수 일정, 새 상품 발송 시점을 함께 안내 부탁드립니다.",2026-10-06T11:12:56
T000058,C00175,O000390,P003,delivery_question,주문한 상품의 현재 배송 상태와 예상 도착일을 확인하고 싶습니다. 주문번호 기준으로 안내 부탁드립니다.,2026-10-06T16:58:08
T000059,C00137,O000409,P004,product_question,상품 크기와 소재를 확인하고 싶습니다. 상세 페이지의 치수 외에 실제 사용 시 필요한 공간도 안내 부탁드립니다.,2026-10-06T09:38:03
T000060,C00043,O000425,P003,product_question,상품 크기와 소재를 확인하고 싶습니다. 상세 페이지의 치수 외에 실제 사용 시 필요한 공간도 안내 부탁드립니다.,2026-10-06T21:31:20
T000061,C00159,O000429,P002,delivery_question,주문한 상품의 현재 배송 상태와 예상 도착일을 확인하고 싶습니다. 주문번호 기준으로 안내 부탁드립니다.,2026-10-06T16:45:42
T000062,C00075,O000430,P007,delivery_delay,배송 예정일이 이미 지났는데 상품이 아직 도착하지 않았습니다. 배송 조회 화면의 상태도 며칠째 바뀌지 않아 현재 어느 단계인지 확인하기 어렵습니다. 정확한 도착 예정일과 지연 사유를 안내해 주세요. 일정상 더 지연되면 주문 취소 또는 환불도 검토하고 있습니다.,2026-10-06T17:23:44
T000063,C00078,O000449,P007,delivery_delay,배송 예정일이 이미 지났는데 상품이 아직 도착하지 않았습니다. 배송 조회 화면의 상태도 며칠째 바뀌지 않아 현재 어느 단계인지 확인하기 어렵습니다. 정확한 도착 예정일과 지연 사유를 안내해 주세요. 일정상 더 지연되면 주문 취소 또는 환불도 검토하고 있습니다.,2026-10-06T21:36:35
T000064,C00134,O000450,P007,delivery_delay,배송 예정일이 이미 지났는데 상품이 아직 도착하지 않았습니다. 배송 조회 화면의 상태도 며칠째 바뀌지 않아 현재 어느 단계인지 확인하기 어렵습니다. 정확한 도착 예정일과 지연 사유를 안내해 주세요. 일정상 더 지연되면 주문 취소 또는 환불도 검토하고 있습니다.,2026-10-06T21:32:10
T000065,C00011,O000453,P004,delivery_question,주문한 상품의 현재 배송 상태와 예상 도착일을 확인하고 싶습니다. 주문번호 기준으로 안내 부탁드립니다.,2026-10-06T14:24:58
T000066,C00079,O000464,P007,delivery_delay,배송 예정일이 이미 지났는데 상품이 아직 도착하지 않았습니다. 배송 조회 화면의 상태도 며칠째 바뀌지 않아 현재 어느 단계인지 확인하기 어렵습니다. 정확한 도착 예정일과 지연 사유를 안내해 주세요. 일정상 더 지연되면 주문 취소 또는 환불도 검토하고 있습니다.,2026-10-06T20:47:57
T000067,C00063,O000482,P003,product_question,상품 크기와 소재를 확인하고 싶습니다. 상세 페이지의 치수 외에 실제 사용 시 필요한 공간도 안내 부탁드립니다.,2026-10-06T11:36:37
T000068,C00176,O000486,P001,delivery_question,주문한 상품의 현재 배송 상태와 예상 도착일을 확인하고 싶습니다. 주문번호 기준으로 안내 부탁드립니다.,2026-10-06T16:38:37
T000069,C00156,O000487,P007,refund_request,배송이 여러 차례 지연되어 더 이상 기다리기 어렵습니다. 처음 안내된 예정일보다 많이 늦어졌고 별도 안내도 충분하지 않았습니다. 상품을 아직 수령하지 않은 상태에서 환불 가능한지와 결제 취소에 걸리는 시간을 확인하고 싶습니다.,2026-10-06T11:30:57
T000070,C00002,O000496,P007,delivery_delay,배송 예정일이 이미 지났는데 상품이 아직 도착하지 않았습니다. 배송 조회 화면의 상태도 며칠째 바뀌지 않아 현재 어느 단계인지 확인하기 어렵습니다. 정확한 도착 예정일과 지연 사유를 안내해 주세요. 일정상 더 지연되면 주문 취소 또는 환불도 검토하고 있습니다.,2026-10-06T22:09:30
