order_id,customer_id,product_id,quantity,unit_price,amount,order_status,order_time
O000001,C00007,P004,3,89000,267000,paid,2026-10-06T12:15:14
O000002,C00024,P001,1,120000,120000,paid,2026-10-06T11:32:38
O000003,C00002,P004,1,89000,89000,paid,2026-10-06T19:27:21
O000004,C00089,P001,3,120000,360000,paid,2026-10-06T12:51:02
O000005,C00142,P002,2,39000,78000,paid,2026-10-06T21:40:39
O000006,C00021,P007,1,189000,189000,paid,2026-10-06T21:06:24
O000007,C00054,P002,3,39000,117000,paid,2026-10-06T12:44:59
O000008,C00164,P002,3,39000,117000,paid,2026-10-06T16:14:43
O000009,C00103,P007,2,189000,378000,paid,2026-10-06T09:13:58
O000010,C00165,P003,2,29000,58000,paid,2026-10-06T10:16:08
O000011,C00150,P004,2,89000,178000,paid,2026-10-06T13:14:08
O000012,C00175,P001,2,120000,240000,paid,2026-10-06T17:04:24
O000013,C00003,P007,3,189000,567000,paid,2026-10-06T19:07:43
O000014,C00076,P002,2,39000,78000,paid,2026-10-06T10:29:00
O000015,C00046,P003,3,29000,87000,paid,2026-10-06T09:55:40
O000016,C00042,P001,3,120000,360000,paid,2026-10-06T20:59:33
O000017,C00093,P001,2,120000,240000,paid,2026-10-06T11:03:15
O000018,C00018,P003,3,29000,87000,paid,2026-10-06T20:08:08
O000019,C00156,P003,2,29000,58000,paid,2026-10-06T11:59:34
O000020,C00172,P003,3,29000,87000,paid,2026-10-06T13:28:57
O000021,C00059,P004,3,89000,267000,paid,2026-10-06T11:00:04
O000022,C00061,P001,2,120000,240000,paid,2026-10-06T18:31:13
O000023,C00063,P004,2,89000,178000,paid,2026-10-06T20:26:12
O000024,C00014,P003,3,29000,87000,paid,2026-10-06T18:41:06
O000025,C00050,P001,1,120000,120000,paid,2026-10-06T16:28:08
O000026,C00141,P007,1,189000,189000,paid,2026-10-06T08:41:34
O000027,C00043,P007,2,189000,378000,paid,2026-10-06T15:30:13
O000028,C00068,P007,2,189000,378000,paid,2026-10-06T12:27:44
O000029,C00040,P004,1,89000,89000,paid,2026-10-06T12:13:03
O000030,C00150,P001,2,120000,240000,paid,2026-10-06T16:58:54
O000031,C00018,P001,3,120000,360000,paid,2026-10-06T21:15:25
O000032,C00159,P004,1,89000,89000,paid,2026-10-06T14:42:37
O000033,C00068,P002,2,39000,78000,paid,2026-10-06T10:42:41
O000034,C00026,P007,1,189000,189000,paid,2026-10-06T16:13:32
O000035,C00095,P007,2,189000,378000,paid,2026-10-06T10:28:53
O000036,C00170,P003,1,29000,29000,paid,2026-10-06T10:16:07
O000037,C00054,P002,3,39000,117000,paid,2026-10-06T13:13:43
O000038,C00024,P007,3,189000,567000,paid,2026-10-06T14:53:17
O000039,C00003,P003,1,29000,29000,paid,2026-10-06T09:56:44
O000040,C00038,P004,2,89000,178000,paid,2026-10-06T10:02:19
O000041,C00092,P001,1,120000,120000,paid,2026-10-06T18:15:42
O000042,C00159,P003,3,29000,87000,paid,2026-10-06T10:59:59
O000043,C00106,P007,3,189000,567000,paid,2026-10-06T21:47:51
O000044,C00118,P002,2,39000,78000,paid,2026-10-06T12:52:50
O000045,C00072,P007,2,189000,378000,paid,2026-10-06T18:32:25
O000046,C00067,P001,1,120000,120000,paid,2026-10-06T17:16:02
O000047,C00099,P003,3,29000,87000,paid,2026-10-06T11:16:02
O000048,C00171,P001,2,120000,240000,paid,2026-10-06T17:20:42
O000049,C00105,P002,2,39000,78000,paid,2026-10-06T14:44:18
O000050,C00141,P002,1,39000,39000,paid,2026-10-06T12:18:13
O000051,C00114,P003,3,29000,87000,paid,2026-10-06T11:32:30
O000052,C00073,P004,3,89000,267000,paid,2026-10-06T18:40:39
O000053,C00058,P004,1,89000,89000,paid,2026-10-06T10:01:02
O000054,C00050,P004,3,89000,267000,paid,2026-10-06T19:24:31
O000055,C00179,P002,3,39000,117000,paid,2026-10-06T15:03:35
O000056,C00171,P007,3,189000,567000,paid,2026-10-06T16:38:20
O000057,C00130,P004,2,89000,178000,paid,2026-10-06T21:58:35
O000058,C00164,P002,2,39000,78000,paid,2026-10-06T20:49:33
O000059,C00086,P002,2,39000,78000,paid,2026-10-06T16:05:08
O000060,C00139,P003,2,29000,58000,paid,2026-10-06T14:03:13
O000061,C00098,P007,2,189000,378000,paid,2026-10-06T08:22:19
O000062,C00140,P003,3,29000,87000,paid,2026-10-06T11:31:14
O000063,C00043,P007,2,189000,378000,paid,2026-10-06T10:39:34
O000064,C00119,P003,1,29000,29000,paid,2026-10-06T08:16:24
O000065,C00108,P007,2,189000,378000,paid,2026-10-06T21:05:30
O000066,C00167,P004,1,89000,89000,paid,2026-10-06T20:01:15
O000067,C00145,P004,1,89000,89000,paid,2026-10-06T15:44:16
O000068,C00080,P001,1,120000,120000,paid,2026-10-06T17:01:59
O000069,C00051,P003,1,29000,29000,paid,2026-10-06T17:44:53
O000070,C00011,P004,2,89000,178000,paid,2026-10-06T16:27:42
O000071,C00126,P007,1,189000,189000,paid,2026-10-06T14:23:40
O000072,C00124,P007,2,189000,378000,paid,2026-10-06T14:52:46
O000073,C00119,P002,3,39000,117000,paid,2026-10-06T17:42:24
O000074,C00067,P002,2,39000,78000,paid,2026-10-06T12:56:38
O000075,C00126,P004,3,89000,267000,paid,2026-10-06T20:15:44
O000076,C00076,P001,1,120000,120000,paid,2026-10-06T14:44:15
O000077,C00109,P003,3,29000,87000,paid,2026-10-06T16:21:22
O000078,C00031,P001,3,120000,360000,paid,2026-10-06T16:48:44
O000079,C00135,P007,3,189000,567000,paid,2026-10-06T12:06:53
O000080,C00179,P003,1,29000,29000,paid,2026-10-06T18:55:48
O000081,C00113,P003,2,29000,58000,paid,2026-10-06T10:03:16
O000082,C00176,P004,1,89000,89000,paid,2026-10-06T10:09:51
O000083,C00153,P003,3,29000,87000,paid,2026-10-06T11:49:33
O000084,C00110,P004,2,89000,178000,paid,2026-10-06T17:39:03
O000085,C00055,P002,2,39000,78000,paid,2026-10-06T18:05:10
O000086,C00177,P003,3,29000,87000,paid,2026-10-06T15:18:02
O000087,C00176,P003,1,29000,29000,paid,2026-10-06T12:50:50
O000088,C00140,P003,1,29000,29000,paid,2026-10-06T18:09:58
O000089,C00146,P004,2,89000,178000,paid,2026-10-06T15:07:29
O000090,C00127,P003,2,29000,58000,paid,2026-10-06T09:38:02
O000091,C00059,P001,3,120000,360000,paid,2026-10-06T21:55:36
O000092,C00133,P001,3,120000,360000,paid,2026-10-06T15:58:17
O000093,C00024,P003,2,29000,58000,paid,2026-10-06T13:26:21
O000094,C00170,P003,2,29000,58000,paid,2026-10-06T21:48:35
O000095,C00132,P007,1,189000,189000,paid,2026-10-06T18:55:34
O000096,C00141,P002,1,39000,39000,paid,2026-10-06T12:28:56
O000097,C00004,P002,3,39000,117000,paid,2026-10-06T14:05:14
O000098,C00040,P001,2,120000,240000,paid,2026-10-06T19:18:32
O000099,C00099,P003,1,29000,29000,paid,2026-10-06T17:32:47
O000100,C00107,P007,2,189000,378000,paid,2026-10-06T20:32:17
O000101,C00086,P003,3,29000,87000,paid,2026-10-06T20:34:24
O000102,C00106,P002,1,39000,39000,paid,2026-10-06T13:47:30
O000103,C00167,P004,1,89000,89000,paid,2026-10-06T15:02:08
O000104,C00113,P007,1,189000,189000,paid,2026-10-06T16:58:29
O000105,C00068,P001,2,120000,240000,paid,2026-10-06T17:44:25
O000106,C00098,P007,2,189000,378000,paid,2026-10-06T18:45:56
O000107,C00176,P002,2,39000,78000,paid,2026-10-06T11:47:05
O000108,C00008,P002,1,39000,39000,paid,2026-10-06T13:50:03
O000109,C00047,P004,1,89000,89000,paid,2026-10-06T10:05:39
O000110,C00037,P007,1,189000,189000,paid,2026-10-06T15:40:16
O000111,C00074,P003,3,29000,87000,paid,2026-10-06T16:10:04
O000112,C00065,P003,2,29000,58000,paid,2026-10-06T21:19:12
O000113,C00092,P003,3,29000,87000,paid,2026-10-06T12:44:18
O000114,C00074,P007,1,189000,189000,paid,2026-10-06T17:51:22
O000115,C00080,P004,2,89000,178000,paid,2026-10-06T08:37:23
O000116,C00034,P001,3,120000,360000,paid,2026-10-06T13:33:32
O000117,C00124,P007,2,189000,378000,paid,2026-10-06T19:55:21
O000118,C00094,P007,1,189000,189000,paid,2026-10-06T20:25:00
O000119,C00028,P007,3,189000,567000,paid,2026-10-06T11:30:01
O000120,C00017,P002,3,39000,117000,paid,2026-10-06T21:29:58
O000121,C00010,P001,2,120000,240000,paid,2026-10-06T15:07:06
O000122,C00179,P002,3,39000,117000,paid,2026-10-06T14:37:47
O000123,C00158,P007,2,189000,378000,paid,2026-10-06T12:02:44
O000124,C00166,P002,2,39000,78000,paid,2026-10-06T08:25:17
O000125,C00153,P004,1,89000,89000,paid,2026-10-06T08:50:21
O000126,C00054,P007,3,189000,567000,paid,2026-10-06T11:52:55
O000127,C00071,P004,1,89000,89000,paid,2026-10-06T10:34:16
O000128,C00005,P004,1,89000,89000,paid,2026-10-06T12:03:08
O000129,C00093,P003,3,29000,87000,paid,2026-10-06T17:06:28
O000130,C00008,P003,1,29000,29000,paid,2026-10-06T15:54:25
O000131,C00038,P002,1,39000,39000,paid,2026-10-06T10:17:39
O000132,C00136,P007,2,189000,378000,paid,2026-10-06T15:32:38
O000133,C00142,P004,3,89000,267000,paid,2026-10-06T21:13:27
O000134,C00081,P004,2,89000,178000,paid,2026-10-06T13:42:16
O000135,C00111,P001,1,120000,120000,paid,2026-10-06T19:47:23
O000136,C00085,P004,3,89000,267000,paid,2026-10-06T09:26:22
O000137,C00014,P007,2,189000,378000,paid,2026-10-06T17:19:22
O000138,C00072,P002,3,39000,117000,paid,2026-10-06T11:51:27
O000139,C00165,P004,3,89000,267000,paid,2026-10-06T08:38:59
O000140,C00080,P004,2,89000,178000,paid,2026-10-06T13:00:11
O000141,C00163,P001,1,120000,120000,paid,2026-10-06T09:47:33
O000142,C00146,P004,3,89000,267000,paid,2026-10-06T09:56:03
O000143,C00170,P002,2,39000,78000,paid,2026-10-06T15:38:28
O000144,C00174,P001,3,120000,360000,paid,2026-10-06T17:31:33
O000145,C00036,P007,2,189000,378000,paid,2026-10-06T12:20:07
O000146,C00005,P001,2,120000,240000,paid,2026-10-06T09:55:20
O000147,C00030,P003,2,29000,58000,paid,2026-10-06T08:20:10
O000148,C00023,P007,2,189000,378000,paid,2026-10-06T21:06:15
O000149,C00163,P001,1,120000,120000,paid,2026-10-06T16:32:12
O000150,C00045,P002,3,39000,117000,paid,2026-10-06T10:48:48
O000151,C00115,P007,3,189000,567000,paid,2026-10-06T17:41:40
O000152,C00162,P003,2,29000,58000,paid,2026-10-06T20:17:37
O000153,C00015,P003,2,29000,58000,paid,2026-10-06T21:18:04
O000154,C00099,P004,2,89000,178000,paid,2026-10-06T17:35:50
O000155,C00039,P003,1,29000,29000,paid,2026-10-06T15:06:51
O000156,C00135,P007,3,189000,567000,paid,2026-10-06T17:10:23
O000157,C00017,P004,2,89000,178000,paid,2026-10-06T09:35:43
O000158,C00037,P004,2,89000,178000,paid,2026-10-06T12:41:44
O000159,C00085,P004,1,89000,89000,paid,2026-10-06T18:44:53
O000160,C00172,P001,2,120000,240000,paid,2026-10-06T16:23:01
O000161,C00058,P003,1,29000,29000,paid,2026-10-06T10:04:18
O000162,C00159,P007,1,189000,189000,paid,2026-10-06T17:24:09
O000163,C00012,P004,2,89000,178000,paid,2026-10-06T13:43:46
O000164,C00121,P002,1,39000,39000,paid,2026-10-06T13:43:36
O000165,C00042,P003,1,29000,29000,paid,2026-10-06T20:38:08
O000166,C00133,P001,1,120000,120000,paid,2026-10-06T12:05:48
O000167,C00057,P001,2,120000,240000,paid,2026-10-06T13:59:01
O000168,C00058,P001,1,120000,120000,paid,2026-10-06T13:59:06
O000169,C00074,P001,2,120000,240000,paid,2026-10-06T19:53:08
O000170,C00056,P001,1,120000,120000,paid,2026-10-06T16:46:38
O000171,C00108,P001,3,120000,360000,paid,2026-10-06T20:39:29
O000172,C00162,P003,3,29000,87000,paid,2026-10-06T17:15:45
O000173,C00171,P003,3,29000,87000,paid,2026-10-06T09:33:23
O000174,C00142,P007,1,189000,189000,paid,2026-10-06T14:55:30
O000175,C00149,P004,3,89000,267000,paid,2026-10-06T20:21:08
O000176,C00176,P001,2,120000,240000,paid,2026-10-06T19:30:40
O000177,C00052,P001,1,120000,120000,paid,2026-10-06T13:59:19
O000178,C00166,P002,1,39000,39000,paid,2026-10-06T12:22:55
O000179,C00095,P001,2,120000,240000,paid,2026-10-06T14:47:28
O000180,C00133,P002,2,39000,78000,paid,2026-10-06T20:05:46
O000181,C00170,P001,2,120000,240000,paid,2026-10-06T12:28:38
O000182,C00091,P004,3,89000,267000,paid,2026-10-06T14:17:40
O000183,C00094,P004,3,89000,267000,paid,2026-10-06T20:47:43
O000184,C00166,P002,2,39000,78000,paid,2026-10-06T13:24:36
O000185,C00147,P007,1,189000,189000,paid,2026-10-06T16:23:25
O000186,C00144,P003,1,29000,29000,paid,2026-10-06T12:49:16
O000187,C00052,P007,1,189000,189000,paid,2026-10-06T10:54:04
O000188,C00175,P001,2,120000,240000,paid,2026-10-06T18:22:45
O000189,C00180,P007,3,189000,567000,paid,2026-10-06T10:50:23
O000190,C00142,P001,3,120000,360000,paid,2026-10-06T13:29:51
O000191,C00123,P007,3,189000,567000,paid,2026-10-06T14:49:26
O000192,C00033,P003,3,29000,87000,paid,2026-10-06T18:37:11
O000193,C00078,P003,1,29000,29000,paid,2026-10-06T10:20:59
O000194,C00163,P002,3,39000,117000,paid,2026-10-06T12:08:40
O000195,C00149,P001,1,120000,120000,paid,2026-10-06T10:42:39
O000196,C00008,P004,1,89000,89000,paid,2026-10-06T08:41:49
O000197,C00164,P003,1,29000,29000,paid,2026-10-06T15:56:40
O000198,C00176,P002,2,39000,78000,paid,2026-10-06T12:29:04
O000199,C00037,P002,2,39000,78000,paid,2026-10-06T21:45:20
O000200,C00095,P001,3,120000,360000,paid,2026-10-06T16:06:20
O000201,C00099,P001,3,120000,360000,paid,2026-10-06T14:15:55
O000202,C00049,P004,1,89000,89000,paid,2026-10-06T15:32:29
O000203,C00062,P003,1,29000,29000,paid,2026-10-06T17:22:03
O000204,C00111,P007,1,189000,189000,paid,2026-10-06T12:46:23
O000205,C00130,P001,2,120000,240000,paid,2026-10-06T20:35:17
O000206,C00025,P001,2,120000,240000,paid,2026-10-06T13:50:21
O000207,C00011,P003,1,29000,29000,paid,2026-10-06T08:08:45
O000208,C00084,P003,3,29000,87000,paid,2026-10-06T13:10:25
O000209,C00131,P002,3,39000,117000,paid,2026-10-06T15:45:36
O000210,C00107,P004,3,89000,267000,paid,2026-10-06T12:50:57
O000211,C00168,P002,3,39000,117000,paid,2026-10-06T17:14:46
O000212,C00009,P004,3,89000,267000,paid,2026-10-06T19:07:12
O000213,C00121,P004,3,89000,267000,paid,2026-10-06T19:03:45
O000214,C00045,P002,2,39000,78000,paid,2026-10-06T16:21:34
O000215,C00178,P004,2,89000,178000,paid,2026-10-06T17:30:12
O000216,C00074,P007,3,189000,567000,paid,2026-10-06T11:44:45
O000217,C00102,P003,2,29000,58000,paid,2026-10-06T20:51:09
O000218,C00123,P004,1,89000,89000,paid,2026-10-06T11:52:34
O000219,C00151,P001,1,120000,120000,paid,2026-10-06T11:03:42
O000220,C00121,P002,1,39000,39000,paid,2026-10-06T18:49:08
O000221,C00074,P007,2,189000,378000,paid,2026-10-06T12:41:03
O000222,C00010,P007,2,189000,378000,paid,2026-10-06T20:31:11
O000223,C00003,P007,2,189000,378000,paid,2026-10-06T17:38:06
O000224,C00050,P003,1,29000,29000,paid,2026-10-06T13:10:46
O000225,C00146,P007,3,189000,567000,paid,2026-10-06T20:12:11
O000226,C00084,P003,1,29000,29000,paid,2026-10-06T14:42:06
O000227,C00069,P002,2,39000,78000,paid,2026-10-06T12:37:46
O000228,C00079,P001,1,120000,120000,paid,2026-10-06T14:43:32
O000229,C00164,P004,2,89000,178000,paid,2026-10-06T13:39:14
O000230,C00107,P004,3,89000,267000,paid,2026-10-06T16:58:30
O000231,C00175,P007,3,189000,567000,paid,2026-10-06T21:50:05
O000232,C00029,P007,1,189000,189000,paid,2026-10-06T21:35:57
O000233,C00114,P007,1,189000,189000,paid,2026-10-06T18:13:45
O000234,C00015,P003,3,29000,87000,paid,2026-10-06T15:43:51
O000235,C00012,P004,2,89000,178000,paid,2026-10-06T13:44:04
O000236,C00035,P001,3,120000,360000,paid,2026-10-06T19:41:26
O000237,C00097,P007,2,189000,378000,paid,2026-10-06T09:43:42
O000238,C00033,P003,3,29000,87000,paid,2026-10-06T11:53:00
O000239,C00109,P004,3,89000,267000,paid,2026-10-06T14:52:14
O000240,C00029,P004,1,89000,89000,paid,2026-10-06T20:42:26
O000241,C00018,P002,1,39000,39000,paid,2026-10-06T17:02:28
O000242,C00060,P003,3,29000,87000,paid,2026-10-06T11:48:55
O000243,C00082,P004,3,89000,267000,paid,2026-10-06T17:49:43
O000244,C00143,P002,3,39000,117000,paid,2026-10-06T19:58:11
O000245,C00172,P007,2,189000,378000,paid,2026-10-06T20:33:20
O000246,C00037,P002,2,39000,78000,paid,2026-10-06T08:35:26
O000247,C00053,P002,2,39000,78000,paid,2026-10-06T18:05:59
O000248,C00155,P004,1,89000,89000,paid,2026-10-06T21:04:12
O000249,C00054,P002,2,39000,78000,paid,2026-10-06T12:58:00
O000250,C00053,P004,2,89000,178000,paid,2026-10-06T11:35:20
O000251,C00128,P002,2,39000,78000,paid,2026-10-06T09:51:46
O000252,C00106,P002,1,39000,39000,paid,2026-10-06T17:55:14
O000253,C00059,P001,2,120000,240000,paid,2026-10-06T17:53:15
O000254,C00126,P002,3,39000,117000,paid,2026-10-06T18:47:31
O000255,C00140,P001,2,120000,240000,paid,2026-10-06T10:58:56
O000256,C00020,P007,3,189000,567000,paid,2026-10-06T08:48:00
O000257,C00056,P001,3,120000,360000,paid,2026-10-06T15:23:03
O000258,C00125,P003,1,29000,29000,paid,2026-10-06T08:34:35
O000259,C00046,P007,1,189000,189000,paid,2026-10-06T09:33:09
O000260,C00102,P002,1,39000,39000,paid,2026-10-06T13:25:29
O000261,C00021,P004,3,89000,267000,paid,2026-10-06T21:41:48
O000262,C00022,P004,2,89000,178000,paid,2026-10-06T21:27:41
O000263,C00136,P001,1,120000,120000,paid,2026-10-06T11:13:57
O000264,C00020,P001,3,120000,360000,paid,2026-10-06T12:57:34
O000265,C00102,P004,1,89000,89000,paid,2026-10-06T12:10:36
O000266,C00085,P007,2,189000,378000,paid,2026-10-06T20:47:08
O000267,C00014,P007,1,189000,189000,paid,2026-10-06T14:14:53
O000268,C00084,P007,1,189000,189000,paid,2026-10-06T18:17:50
O000269,C00022,P004,3,89000,267000,paid,2026-10-06T12:51:15
O000270,C00100,P004,2,89000,178000,paid,2026-10-06T13:06:05
O000271,C00115,P001,3,120000,360000,paid,2026-10-06T16:32:26
O000272,C00099,P007,1,189000,189000,paid,2026-10-06T12:26:24
O000273,C00063,P007,3,189000,567000,paid,2026-10-06T16:10:43
O000274,C00077,P002,2,39000,78000,paid,2026-10-06T20:04:23
O000275,C00002,P001,2,120000,240000,paid,2026-10-06T13:53:39
O000276,C00167,P003,3,29000,87000,paid,2026-10-06T10:19:20
O000277,C00102,P001,2,120000,240000,paid,2026-10-06T12:47:44
O000278,C00072,P002,2,39000,78000,paid,2026-10-06T13:07:59
O000279,C00141,P004,1,89000,89000,paid,2026-10-06T19:29:45
O000280,C00105,P001,3,120000,360000,paid,2026-10-06T15:08:40
O000281,C00154,P001,2,120000,240000,paid,2026-10-06T17:25:34
O000282,C00093,P003,3,29000,87000,paid,2026-10-06T20:34:38
O000283,C00145,P004,3,89000,267000,paid,2026-10-06T18:41:25
O000284,C00133,P002,3,39000,117000,paid,2026-10-06T17:44:36
O000285,C00027,P001,2,120000,240000,paid,2026-10-06T14:58:05
O000286,C00117,P002,1,39000,39000,paid,2026-10-06T16:30:22
O000287,C00030,P001,1,120000,120000,paid,2026-10-06T21:21:41
O000288,C00133,P007,1,189000,189000,paid,2026-10-06T16:10:21
O000289,C00048,P004,3,89000,267000,paid,2026-10-06T18:27:25
O000290,C00100,P004,1,89000,89000,paid,2026-10-06T19:13:13
O000291,C00138,P004,1,89000,89000,paid,2026-10-06T13:20:12
O000292,C00151,P004,1,89000,89000,paid,2026-10-06T13:22:54
O000293,C00062,P002,2,39000,78000,paid,2026-10-06T09:11:23
O000294,C00099,P001,2,120000,240000,paid,2026-10-06T10:31:40
O000295,C00043,P001,2,120000,240000,paid,2026-10-06T12:08:11
O000296,C00050,P003,2,29000,58000,paid,2026-10-06T16:32:41
O000297,C00126,P007,1,189000,189000,paid,2026-10-06T09:36:01
O000298,C00127,P004,3,89000,267000,paid,2026-10-06T16:07:36
O000299,C00011,P002,3,39000,117000,paid,2026-10-06T15:34:13
O000300,C00068,P001,2,120000,240000,paid,2026-10-06T21:52:05
O000301,C00151,P002,3,39000,117000,paid,2026-10-06T13:55:45
O000302,C00016,P007,3,189000,567000,paid,2026-10-06T13:34:17
O000303,C00132,P007,3,189000,567000,paid,2026-10-06T21:06:08
O000304,C00168,P007,1,189000,189000,paid,2026-10-06T19:55:08
O000305,C00174,P007,2,189000,378000,paid,2026-10-06T15:09:36
O000306,C00024,P001,2,120000,240000,paid,2026-10-06T16:47:17
O000307,C00149,P003,1,29000,29000,paid,2026-10-06T21:49:54
O000308,C00092,P004,1,89000,89000,paid,2026-10-06T20:34:25
O000309,C00087,P007,3,189000,567000,paid,2026-10-06T17:08:36
O000310,C00012,P007,1,189000,189000,paid,2026-10-06T18:50:53
O000311,C00177,P002,1,39000,39000,paid,2026-10-06T18:19:10
O000312,C00022,P002,2,39000,78000,paid,2026-10-06T18:57:41
O000313,C00025,P001,1,120000,120000,paid,2026-10-06T11:30:04
O000314,C00109,P007,3,189000,567000,paid,2026-10-06T10:30:04
O000315,C00098,P002,1,39000,39000,paid,2026-10-06T18:43:09
O000316,C00090,P001,3,120000,360000,paid,2026-10-06T11:40:47
O000317,C00032,P001,3,120000,360000,paid,2026-10-06T19:24:22
O000318,C00142,P001,3,120000,360000,paid,2026-10-06T17:46:38
O000319,C00156,P002,3,39000,117000,paid,2026-10-06T11:47:25
O000320,C00164,P002,3,39000,117000,paid,2026-10-06T09:33:56
O000321,C00146,P001,2,120000,240000,paid,2026-10-06T13:34:43
O000322,C00056,P001,1,120000,120000,paid,2026-10-06T08:50:25
O000323,C00180,P003,2,29000,58000,paid,2026-10-06T09:40:34
O000324,C00040,P007,3,189000,567000,paid,2026-10-06T13:25:37
O000325,C00179,P001,2,120000,240000,paid,2026-10-06T19:54:15
O000326,C00080,P004,3,89000,267000,paid,2026-10-06T19:42:47
O000327,C00134,P007,3,189000,567000,paid,2026-10-06T20:52:46
O000328,C00110,P001,2,120000,240000,paid,2026-10-06T16:04:16
O000329,C00093,P003,1,29000,29000,paid,2026-10-06T15:54:36
O000330,C00012,P003,1,29000,29000,paid,2026-10-06T11:02:30
O000331,C00010,P007,3,189000,567000,paid,2026-10-06T20:58:45
O000332,C00031,P004,3,89000,267000,paid,2026-10-06T18:57:03
O000333,C00018,P007,2,189000,378000,paid,2026-10-06T21:18:49
O000334,C00160,P007,1,189000,189000,paid,2026-10-06T15:23:37
O000335,C00140,P004,1,89000,89000,paid,2026-10-06T10:00:59
O000336,C00169,P001,2,120000,240000,paid,2026-10-06T21:47:46
O000337,C00037,P001,3,120000,360000,paid,2026-10-06T12:05:02
O000338,C00096,P004,2,89000,178000,paid,2026-10-06T19:05:37
O000339,C00170,P001,1,120000,120000,paid,2026-10-06T11:18:16
O000340,C00084,P007,2,189000,378000,paid,2026-10-06T15:17:14
O000341,C00043,P001,2,120000,240000,paid,2026-10-06T15:20:26
O000342,C00031,P002,1,39000,39000,paid,2026-10-06T10:51:43
O000343,C00084,P002,1,39000,39000,paid,2026-10-06T09:45:15
O000344,C00008,P007,2,189000,378000,paid,2026-10-06T21:28:35
O000345,C00103,P001,2,120000,240000,paid,2026-10-06T18:40:41
O000346,C00017,P001,1,120000,120000,paid,2026-10-06T18:28:51
O000347,C00011,P002,2,39000,78000,paid,2026-10-06T08:10:59
O000348,C00175,P001,2,120000,240000,paid,2026-10-06T10:22:13
O000349,C00128,P004,2,89000,178000,paid,2026-10-06T16:30:03
O000350,C00064,P007,3,189000,567000,paid,2026-10-06T20:34:50
O000351,C00089,P007,3,189000,567000,paid,2026-10-06T16:20:24
O000352,C00150,P003,1,29000,29000,paid,2026-10-06T10:06:15
O000353,C00100,P007,2,189000,378000,paid,2026-10-06T21:54:11
O000354,C00008,P007,3,189000,567000,paid,2026-10-06T19:22:36
O000355,C00045,P003,2,29000,58000,paid,2026-10-06T08:05:03
O000356,C00088,P007,3,189000,567000,paid,2026-10-06T10:58:51
O000357,C00019,P007,2,189000,378000,paid,2026-10-06T19:42:25
O000358,C00167,P007,2,189000,378000,paid,2026-10-06T10:45:35
O000359,C00151,P002,1,39000,39000,paid,2026-10-06T14:19:46
O000360,C00146,P007,1,189000,189000,paid,2026-10-06T10:38:20
O000361,C00128,P001,1,120000,120000,paid,2026-10-06T13:47:04
O000362,C00023,P007,3,189000,567000,paid,2026-10-06T18:40:46
O000363,C00001,P007,1,189000,189000,paid,2026-10-06T14:28:46
O000364,C00123,P001,3,120000,360000,paid,2026-10-06T18:48:43
O000365,C00019,P007,2,189000,378000,paid,2026-10-06T10:56:24
O000366,C00158,P002,2,39000,78000,paid,2026-10-06T19:01:27
O000367,C00049,P002,2,39000,78000,paid,2026-10-06T19:35:46
O000368,C00025,P002,1,39000,39000,paid,2026-10-06T14:36:35
O000369,C00170,P002,3,39000,117000,paid,2026-10-06T17:30:12
O000370,C00102,P001,2,120000,240000,paid,2026-10-06T15:57:42
O000371,C00098,P002,2,39000,78000,paid,2026-10-06T10:28:02
O000372,C00179,P001,3,120000,360000,paid,2026-10-06T09:05:42
O000373,C00142,P004,1,89000,89000,paid,2026-10-06T21:24:52
O000374,C00147,P007,1,189000,189000,paid,2026-10-06T15:19:05
O000375,C00147,P007,3,189000,567000,paid,2026-10-06T17:09:07
O000376,C00109,P001,1,120000,120000,paid,2026-10-06T18:27:12
O000377,C00018,P002,1,39000,39000,paid,2026-10-06T14:35:25
O000378,C00004,P007,3,189000,567000,paid,2026-10-06T17:37:33
O000379,C00074,P001,3,120000,360000,paid,2026-10-06T13:56:26
O000380,C00045,P003,2,29000,58000,paid,2026-10-06T14:09:39
O000381,C00013,P004,3,89000,267000,paid,2026-10-06T15:58:17
O000382,C00179,P003,3,29000,87000,paid,2026-10-06T09:55:14
O000383,C00069,P007,3,189000,567000,paid,2026-10-06T14:38:41
O000384,C00133,P003,2,29000,58000,paid,2026-10-06T21:03:32
O000385,C00146,P007,1,189000,189000,paid,2026-10-06T10:12:56
O000386,C00093,P001,3,120000,360000,paid,2026-10-06T11:17:23
O000387,C00008,P001,1,120000,120000,paid,2026-10-06T13:31:38
O000388,C00089,P003,1,29000,29000,paid,2026-10-06T21:57:16
O000389,C00042,P003,3,29000,87000,paid,2026-10-06T20:13:54
O000390,C00175,P003,1,29000,29000,paid,2026-10-06T15:58:08
O000391,C00079,P004,3,89000,267000,paid,2026-10-06T19:41:17
O000392,C00174,P003,3,29000,87000,paid,2026-10-06T21:39:25
O000393,C00017,P001,2,120000,240000,paid,2026-10-06T12:40:20
O000394,C00015,P007,3,189000,567000,paid,2026-10-06T14:42:20
O000395,C00067,P007,2,189000,378000,paid,2026-10-06T14:24:47
O000396,C00176,P004,3,89000,267000,paid,2026-10-06T18:50:30
O000397,C00169,P007,3,189000,567000,paid,2026-10-06T10:18:06
O000398,C00047,P003,3,29000,87000,paid,2026-10-06T13:41:05
O000399,C00067,P002,3,39000,117000,paid,2026-10-06T12:29:54
O000400,C00031,P001,3,120000,360000,paid,2026-10-06T14:33:19
O000401,C00088,P007,2,189000,378000,paid,2026-10-06T17:57:58
O000402,C00046,P004,2,89000,178000,paid,2026-10-06T18:03:00
O000403,C00023,P007,1,189000,189000,paid,2026-10-06T17:27:40
O000404,C00004,P004,2,89000,178000,paid,2026-10-06T20:53:33
O000405,C00178,P002,2,39000,78000,paid,2026-10-06T12:08:06
O000406,C00077,P007,2,189000,378000,paid,2026-10-06T15:46:33
O000407,C00049,P003,1,29000,29000,paid,2026-10-06T20:25:01
O000408,C00151,P004,3,89000,267000,paid,2026-10-06T10:07:23
O000409,C00137,P004,3,89000,267000,paid,2026-10-06T08:38:03
O000410,C00098,P003,1,29000,29000,paid,2026-10-06T16:16:30
O000411,C00134,P001,2,120000,240000,paid,2026-10-06T17:38:44
O000412,C00031,P004,2,89000,178000,paid,2026-10-06T09:50:06
O000413,C00052,P007,2,189000,378000,paid,2026-10-06T19:26:18
O000414,C00061,P003,1,29000,29000,paid,2026-10-06T08:42:05
O000415,C00024,P001,3,120000,360000,paid,2026-10-06T09:46:46
O000416,C00119,P002,1,39000,39000,paid,2026-10-06T09:52:11
O000417,C00110,P004,3,89000,267000,paid,2026-10-06T09:06:54
O000418,C00160,P007,2,189000,378000,paid,2026-10-06T19:05:23
O000419,C00123,P004,2,89000,178000,paid,2026-10-06T18:56:51
O000420,C00124,P007,3,189000,567000,paid,2026-10-06T18:28:11
O000421,C00034,P007,2,189000,378000,paid,2026-10-06T15:07:56
O000422,C00148,P004,3,89000,267000,paid,2026-10-06T17:14:42
O000423,C00111,P004,3,89000,267000,paid,2026-10-06T19:15:30
O000424,C00143,P007,3,189000,567000,paid,2026-10-06T08:00:41
O000425,C00043,P003,1,29000,29000,paid,2026-10-06T20:31:20
O000426,C00097,P003,2,29000,58000,paid,2026-10-06T21:15:05
O000427,C00115,P007,2,189000,378000,paid,2026-10-06T09:31:47
O000428,C00164,P007,2,189000,378000,paid,2026-10-06T16:35:13
O000429,C00159,P002,3,39000,117000,paid,2026-10-06T15:45:42
O000430,C00075,P007,3,189000,567000,paid,2026-10-06T16:23:44
O000431,C00101,P001,1,120000,120000,paid,2026-10-06T15:52:50
O000432,C00151,P007,1,189000,189000,paid,2026-10-06T20:57:28
O000433,C00002,P007,3,189000,567000,paid,2026-10-06T19:03:35
O000434,C00046,P003,3,29000,87000,paid,2026-10-06T17:11:46
O000435,C00156,P003,3,29000,87000,paid,2026-10-06T20:15:17
O000436,C00155,P001,3,120000,360000,paid,2026-10-06T19:32:19
O000437,C00142,P004,3,89000,267000,paid,2026-10-06T11:12:13
O000438,C00046,P004,3,89000,267000,paid,2026-10-06T16:44:40
O000439,C00107,P007,3,189000,567000,paid,2026-10-06T19:57:53
O000440,C00028,P001,1,120000,120000,paid,2026-10-06T14:09:03
O000441,C00016,P001,3,120000,360000,paid,2026-10-06T20:18:13
O000442,C00144,P004,1,89000,89000,paid,2026-10-06T19:41:35
O000443,C00178,P004,3,89000,267000,paid,2026-10-06T08:59:24
O000444,C00142,P002,1,39000,39000,paid,2026-10-06T08:47:16
O000445,C00058,P003,3,29000,87000,paid,2026-10-06T19:45:41
O000446,C00050,P001,2,120000,240000,paid,2026-10-06T15:11:43
O000447,C00011,P001,2,120000,240000,paid,2026-10-06T12:35:16
O000448,C00040,P002,1,39000,39000,paid,2026-10-06T10:59:20
O000449,C00078,P007,2,189000,378000,paid,2026-10-06T20:36:35
O000450,C00134,P007,1,189000,189000,paid,2026-10-06T20:32:10
O000451,C00170,P007,2,189000,378000,paid,2026-10-06T13:23:18
O000452,C00167,P007,1,189000,189000,paid,2026-10-06T09:42:22
O000453,C00011,P004,3,89000,267000,paid,2026-10-06T13:24:58
O000454,C00131,P003,2,29000,58000,paid,2026-10-06T15:02:18
O000455,C00138,P001,3,120000,360000,paid,2026-10-06T08:40:04
O000456,C00027,P004,1,89000,89000,paid,2026-10-06T16:53:44
O000457,C00019,P007,3,189000,567000,paid,2026-10-06T18:09:01
O000458,C00148,P003,1,29000,29000,paid,2026-10-06T12:26:24
O000459,C00002,P001,3,120000,360000,paid,2026-10-06T19:39:04
O000460,C00129,P001,1,120000,120000,paid,2026-10-06T12:50:43
O000461,C00122,P004,1,89000,89000,paid,2026-10-06T16:14:08
O000462,C00163,P002,1,39000,39000,paid,2026-10-06T12:43:56
O000463,C00003,P002,3,39000,117000,paid,2026-10-06T21:35:09
O000464,C00079,P007,1,189000,189000,paid,2026-10-06T19:47:57
O000465,C00065,P004,1,89000,89000,paid,2026-10-06T09:11:42
O000466,C00141,P007,2,189000,378000,paid,2026-10-06T18:35:04
O000467,C00061,P004,1,89000,89000,paid,2026-10-06T12:39:04
O000468,C00150,P002,1,39000,39000,paid,2026-10-06T17:36:23
O000469,C00057,P002,3,39000,117000,paid,2026-10-06T19:41:27
O000470,C00079,P002,2,39000,78000,paid,2026-10-06T16:06:11
O000471,C00161,P001,1,120000,120000,paid,2026-10-06T19:04:57
O000472,C00010,P002,3,39000,117000,paid,2026-10-06T12:34:57
O000473,C00151,P007,3,189000,567000,paid,2026-10-06T21:18:08
O000474,C00170,P003,1,29000,29000,paid,2026-10-06T21:51:39
O000475,C00145,P001,3,120000,360000,paid,2026-10-06T18:55:09
O000476,C00017,P003,2,29000,58000,paid,2026-10-06T13:14:02
O000477,C00117,P003,1,29000,29000,paid,2026-10-06T08:41:20
O000478,C00068,P002,3,39000,117000,paid,2026-10-06T16:36:11
O000479,C00058,P002,3,39000,117000,paid,2026-10-06T14:22:52
O000480,C00043,P001,1,120000,120000,paid,2026-10-06T09:32:41
O000481,C00170,P007,1,189000,189000,paid,2026-10-06T14:51:21
O000482,C00063,P003,1,29000,29000,paid,2026-10-06T10:36:37
O000483,C00067,P001,1,120000,120000,paid,2026-10-06T16:25:38
O000484,C00073,P004,1,89000,89000,paid,2026-10-06T11:28:38
O000485,C00154,P007,1,189000,189000,paid,2026-10-06T20:37:52
O000486,C00176,P001,2,120000,240000,paid,2026-10-06T15:38:37
O000487,C00156,P007,1,189000,189000,paid,2026-10-06T10:30:57
O000488,C00155,P001,3,120000,360000,paid,2026-10-06T21:00:57
O000489,C00012,P003,3,29000,87000,paid,2026-10-06T16:27:14
O000490,C00179,P007,3,189000,567000,paid,2026-10-06T09:27:08
O000491,C00154,P001,3,120000,360000,paid,2026-10-06T14:16:12
O000492,C00053,P002,3,39000,117000,paid,2026-10-06T20:20:26
O000493,C00145,P003,2,29000,58000,paid,2026-10-06T17:17:43
O000494,C00124,P003,2,29000,58000,paid,2026-10-06T12:36:22
O000495,C00180,P003,1,29000,29000,paid,2026-10-06T09:13:32
O000496,C00002,P007,1,189000,189000,paid,2026-10-06T21:09:30
O000497,C00103,P004,3,89000,267000,paid,2026-10-06T18:33:18
O000498,C00164,P007,2,189000,378000,paid,2026-10-06T15:00:12
O000499,C00154,P001,3,120000,360000,paid,2026-10-06T16:44:14
O000500,C00041,P004,1,89000,89000,paid,2026-10-06T12:49:25
