refund_id,order_id,product_id,refund_reason,refund_amount,refund_time
R000001,O000038,P007,package_damage,567000,2026-10-07T16:53:17
R000002,O000063,P007,package_damage,378000,2026-10-07T06:39:34
R000003,O000065,P007,changed_mind,378000,2026-10-07T00:05:30
R000004,O000104,P007,delivery_delay,189000,2026-10-07T07:58:29
R000005,O000113,P003,product_expectation,87000,2026-10-07T02:44:18
R000006,O000137,P007,changed_mind,378000,2026-10-07T01:19:22
R000007,O000145,P007,changed_mind,378000,2026-10-07T03:20:07
R000008,O000162,P007,changed_mind,189000,2026-10-07T19:24:09
R000009,O000174,P007,package_damage,189000,2026-10-07T03:55:30
R000010,O000212,P004,size_mismatch,267000,2026-10-07T10:07:12
R000011,O000220,P002,product_expectation,39000,2026-10-07T01:49:08
R000012,O000267,P007,changed_mind,189000,2026-10-07T16:14:53
R000013,O000270,P004,size_mismatch,178000,2026-10-07T05:06:05
R000014,O000340,P007,delivery_delay,378000,2026-10-06T21:17:14
R000015,O000350,P007,package_damage,567000,2026-10-07T23:34:50
R000016,O000353,P007,changed_mind,378000,2026-10-07T09:54:11
R000017,O000365,P007,delivery_delay,378000,2026-10-07T05:56:24
R000018,O000383,P007,package_damage,567000,2026-10-06T22:38:41
R000019,O000395,P007,changed_mind,378000,2026-10-07T10:24:47
R000020,O000413,P007,changed_mind,378000,2026-10-07T12:26:18
R000021,O000430,P007,delivery_delay,567000,2026-10-07T09:23:44
R000022,O000471,P001,product_expectation,120000,2026-10-07T17:04:57
R000023,O000491,P001,product_expectation,360000,2026-10-07T17:16:12
