review_id,order_id,product_id,rating,review_text,review_time
V000001,O000001,P004,5,배송 일정이 안내된 날짜와 거의 맞았고 포장 상태도 깔끔했습니다. 제품 설명과 실제 상품의 차이가 크지 않아 전반적으로 만족합니다.,2026-10-07T12:15:14
V000002,O000002,P001,5,제품 품질이 기대한 수준이었고 설치 과정도 어렵지 않았습니다. 주문부터 배송까지 특별한 문제 없이 진행되어 재구매 의향이 있습니다.,2026-10-07T11:32:38
V000003,O000003,P004,5,배송 일정이 안내된 날짜와 거의 맞았고 포장 상태도 깔끔했습니다. 제품 설명과 실제 상품의 차이가 크지 않아 전반적으로 만족합니다.,2026-10-07T19:27:21
V000004,O000005,P002,4,배송 일정이 안내된 날짜와 거의 맞았고 포장 상태도 깔끔했습니다. 제품 설명과 실제 상품의 차이가 크지 않아 전반적으로 만족합니다.,2026-10-07T21:40:39
V000005,O000007,P002,4,배송 일정이 안내된 날짜와 거의 맞았고 포장 상태도 깔끔했습니다. 제품 설명과 실제 상품의 차이가 크지 않아 전반적으로 만족합니다.,2026-10-07T12:44:59
V000006,O000011,P004,4,배송 일정이 안내된 날짜와 거의 맞았고 포장 상태도 깔끔했습니다. 제품 설명과 실제 상품의 차이가 크지 않아 전반적으로 만족합니다.,2026-10-07T13:14:08
V000007,O000020,P003,4,배송 일정이 안내된 날짜와 거의 맞았고 포장 상태도 깔끔했습니다. 제품 설명과 실제 상품의 차이가 크지 않아 전반적으로 만족합니다.,2026-10-07T13:28:57
V000008,O000021,P004,4,배송 일정이 안내된 날짜와 거의 맞았고 포장 상태도 깔끔했습니다. 제품 설명과 실제 상품의 차이가 크지 않아 전반적으로 만족합니다.,2026-10-07T11:00:04
V000009,O000025,P001,4,배송 일정이 안내된 날짜와 거의 맞았고 포장 상태도 깔끔했습니다. 제품 설명과 실제 상품의 차이가 크지 않아 전반적으로 만족합니다.,2026-10-07T16:28:08
V000010,O000030,P001,5,배송 일정이 안내된 날짜와 거의 맞았고 포장 상태도 깔끔했습니다. 제품 설명과 실제 상품의 차이가 크지 않아 전반적으로 만족합니다.,2026-10-07T16:58:54
V000011,O000032,P004,5,배송 일정이 안내된 날짜와 거의 맞았고 포장 상태도 깔끔했습니다. 제품 설명과 실제 상품의 차이가 크지 않아 전반적으로 만족합니다.,2026-10-07T14:42:37
V000012,O000033,P002,4,배송 일정이 안내된 날짜와 거의 맞았고 포장 상태도 깔끔했습니다. 제품 설명과 실제 상품의 차이가 크지 않아 전반적으로 만족합니다.,2026-10-07T10:42:41
V000013,O000035,P007,5,배송 일정이 안내된 날짜와 거의 맞았고 포장 상태도 깔끔했습니다. 제품 설명과 실제 상품의 차이가 크지 않아 전반적으로 만족합니다.,2026-10-07T10:28:53
V000014,O000037,P002,5,제품 품질이 기대한 수준이었고 설치 과정도 어렵지 않았습니다. 주문부터 배송까지 특별한 문제 없이 진행되어 재구매 의향이 있습니다.,2026-10-07T13:13:43
V000015,O000038,P007,4,제품 품질이 기대한 수준이었고 설치 과정도 어렵지 않았습니다. 주문부터 배송까지 특별한 문제 없이 진행되어 재구매 의향이 있습니다.,2026-10-07T14:53:17
V000016,O000042,P003,4,제품 품질이 기대한 수준이었고 설치 과정도 어렵지 않았습니다. 주문부터 배송까지 특별한 문제 없이 진행되어 재구매 의향이 있습니다.,2026-10-07T10:59:59
V000017,O000043,P007,5,배송 일정이 안내된 날짜와 거의 맞았고 포장 상태도 깔끔했습니다. 제품 설명과 실제 상품의 차이가 크지 않아 전반적으로 만족합니다.,2026-10-07T21:47:51
V000018,O000044,P002,4,제품 품질이 기대한 수준이었고 설치 과정도 어렵지 않았습니다. 주문부터 배송까지 특별한 문제 없이 진행되어 재구매 의향이 있습니다.,2026-10-07T12:52:50
V000019,O000046,P001,5,제품 품질이 기대한 수준이었고 설치 과정도 어렵지 않았습니다. 주문부터 배송까지 특별한 문제 없이 진행되어 재구매 의향이 있습니다.,2026-10-07T17:16:02
V000020,O000047,P003,5,배송 일정이 안내된 날짜와 거의 맞았고 포장 상태도 깔끔했습니다. 제품 설명과 실제 상품의 차이가 크지 않아 전반적으로 만족합니다.,2026-10-07T11:16:02
V000021,O000049,P002,5,배송 일정이 안내된 날짜와 거의 맞았고 포장 상태도 깔끔했습니다. 제품 설명과 실제 상품의 차이가 크지 않아 전반적으로 만족합니다.,2026-10-07T14:44:18
V000022,O000053,P004,4,제품 품질이 기대한 수준이었고 설치 과정도 어렵지 않았습니다. 주문부터 배송까지 특별한 문제 없이 진행되어 재구매 의향이 있습니다.,2026-10-07T10:01:02
V000023,O000054,P004,4,배송 일정이 안내된 날짜와 거의 맞았고 포장 상태도 깔끔했습니다. 제품 설명과 실제 상품의 차이가 크지 않아 전반적으로 만족합니다.,2026-10-07T19:24:31
V000024,O000057,P004,5,제품 품질이 기대한 수준이었고 설치 과정도 어렵지 않았습니다. 주문부터 배송까지 특별한 문제 없이 진행되어 재구매 의향이 있습니다.,2026-10-07T21:58:35
V000025,O000058,P002,5,배송 일정이 안내된 날짜와 거의 맞았고 포장 상태도 깔끔했습니다. 제품 설명과 실제 상품의 차이가 크지 않아 전반적으로 만족합니다.,2026-10-07T20:49:33
V000026,O000059,P002,4,배송 일정이 안내된 날짜와 거의 맞았고 포장 상태도 깔끔했습니다. 제품 설명과 실제 상품의 차이가 크지 않아 전반적으로 만족합니다.,2026-10-07T16:05:08
V000027,O000060,P003,5,배송 일정이 안내된 날짜와 거의 맞았고 포장 상태도 깔끔했습니다. 제품 설명과 실제 상품의 차이가 크지 않아 전반적으로 만족합니다.,2026-10-07T14:03:13
V000028,O000062,P003,5,제품 품질이 기대한 수준이었고 설치 과정도 어렵지 않았습니다. 주문부터 배송까지 특별한 문제 없이 진행되어 재구매 의향이 있습니다.,2026-10-07T11:31:14
V000029,O000064,P003,5,제품 품질이 기대한 수준이었고 설치 과정도 어렵지 않았습니다. 주문부터 배송까지 특별한 문제 없이 진행되어 재구매 의향이 있습니다.,2026-10-07T08:16:24
V000030,O000066,P004,4,배송 일정이 안내된 날짜와 거의 맞았고 포장 상태도 깔끔했습니다. 제품 설명과 실제 상품의 차이가 크지 않아 전반적으로 만족합니다.,2026-10-07T20:01:15
V000031,O000067,P004,5,배송 일정이 안내된 날짜와 거의 맞았고 포장 상태도 깔끔했습니다. 제품 설명과 실제 상품의 차이가 크지 않아 전반적으로 만족합니다.,2026-10-07T15:44:16
V000032,O000069,P003,5,배송 일정이 안내된 날짜와 거의 맞았고 포장 상태도 깔끔했습니다. 제품 설명과 실제 상품의 차이가 크지 않아 전반적으로 만족합니다.,2026-10-07T17:44:53
V000033,O000071,P007,2,"주문할 때 표시된 예상 배송일을 지나서 상품을 받았습니다. 배송 지연 안내가 미리 오지 않아 일정을 조정해야 했고, 도착한 박스 모서리도 파손되어 있었습니다. 의자는 사용할 수 있는 상태였지만 선물용으로 주문한 고객이라면 문제가 될 정도였습니다. 배송 추적 정보와 포장 검수 과정이 더 정확했으면 좋겠습니다. 제품 자체의 기능보다 배송 경험 때문에 낮은 점수를 줍니다.",2026-10-07T14:23:40
V000034,O000072,P007,1,"주문할 때 표시된 예상 배송일을 지나서 상품을 받았습니다. 배송 지연 안내가 미리 오지 않아 일정을 조정해야 했고, 도착한 박스 모서리도 파손되어 있었습니다. 의자는 사용할 수 있는 상태였지만 선물용으로 주문한 고객이라면 문제가 될 정도였습니다. 배송 추적 정보와 포장 검수 과정이 더 정확했으면 좋겠습니다. 제품 자체의 기능보다 배송 경험 때문에 낮은 점수를 줍니다.",2026-10-07T14:52:46
V000035,O000073,P002,5,배송 일정이 안내된 날짜와 거의 맞았고 포장 상태도 깔끔했습니다. 제품 설명과 실제 상품의 차이가 크지 않아 전반적으로 만족합니다.,2026-10-07T17:42:24
V000036,O000074,P002,4,배송 일정이 안내된 날짜와 거의 맞았고 포장 상태도 깔끔했습니다. 제품 설명과 실제 상품의 차이가 크지 않아 전반적으로 만족합니다.,2026-10-07T12:56:38
V000037,O000077,P003,5,배송 일정이 안내된 날짜와 거의 맞았고 포장 상태도 깔끔했습니다. 제품 설명과 실제 상품의 차이가 크지 않아 전반적으로 만족합니다.,2026-10-07T16:21:22
V000038,O000078,P001,5,제품 품질이 기대한 수준이었고 설치 과정도 어렵지 않았습니다. 주문부터 배송까지 특별한 문제 없이 진행되어 재구매 의향이 있습니다.,2026-10-07T16:48:44
V000039,O000079,P007,1,배송 예정일보다 나흘 늦게 도착했습니다. 배송 상태를 확인하기 위해 고객센터에 문의했지만 정확한 도착 예정일을 바로 안내받지 못했습니다. 제품 자체의 착석감은 괜찮지만 박스 한쪽이 심하게 눌려 있었고 내부 완충재도 일부 찢어져 있었습니다. 상품 문제보다 배송과 포장 과정에 대한 개선이 필요해 보이며 다음 구매에서는 배송 품질이 개선되었으면 좋겠습니다.,2026-10-07T12:06:53
V000040,O000081,P003,4,제품 품질이 기대한 수준이었고 설치 과정도 어렵지 않았습니다. 주문부터 배송까지 특별한 문제 없이 진행되어 재구매 의향이 있습니다.,2026-10-07T10:03:16
V000041,O000082,P004,4,배송 일정이 안내된 날짜와 거의 맞았고 포장 상태도 깔끔했습니다. 제품 설명과 실제 상품의 차이가 크지 않아 전반적으로 만족합니다.,2026-10-07T10:09:51
V000042,O000088,P003,4,배송 일정이 안내된 날짜와 거의 맞았고 포장 상태도 깔끔했습니다. 제품 설명과 실제 상품의 차이가 크지 않아 전반적으로 만족합니다.,2026-10-07T18:09:58
V000043,O000091,P001,5,배송 일정이 안내된 날짜와 거의 맞았고 포장 상태도 깔끔했습니다. 제품 설명과 실제 상품의 차이가 크지 않아 전반적으로 만족합니다.,2026-10-07T21:55:36
V000044,O000093,P003,4,제품 품질이 기대한 수준이었고 설치 과정도 어렵지 않았습니다. 주문부터 배송까지 특별한 문제 없이 진행되어 재구매 의향이 있습니다.,2026-10-07T13:26:21
V000045,O000094,P003,5,제품 품질이 기대한 수준이었고 설치 과정도 어렵지 않았습니다. 주문부터 배송까지 특별한 문제 없이 진행되어 재구매 의향이 있습니다.,2026-10-07T21:48:35
V000046,O000095,P007,3,"주문할 때 표시된 예상 배송일을 지나서 상품을 받았습니다. 배송 지연 안내가 미리 오지 않아 일정을 조정해야 했고, 도착한 박스 모서리도 파손되어 있었습니다. 의자는 사용할 수 있는 상태였지만 선물용으로 주문한 고객이라면 문제가 될 정도였습니다. 배송 추적 정보와 포장 검수 과정이 더 정확했으면 좋겠습니다. 제품 자체의 기능보다 배송 경험 때문에 낮은 점수를 줍니다.",2026-10-07T18:55:34
V000047,O000096,P002,5,배송 일정이 안내된 날짜와 거의 맞았고 포장 상태도 깔끔했습니다. 제품 설명과 실제 상품의 차이가 크지 않아 전반적으로 만족합니다.,2026-10-07T12:28:56
V000048,O000098,P001,5,제품 품질이 기대한 수준이었고 설치 과정도 어렵지 않았습니다. 주문부터 배송까지 특별한 문제 없이 진행되어 재구매 의향이 있습니다.,2026-10-07T19:18:32
V000049,O000100,P007,3,배송 예정일보다 나흘 늦게 도착했습니다. 배송 상태를 확인하기 위해 고객센터에 문의했지만 정확한 도착 예정일을 바로 안내받지 못했습니다. 제품 자체의 착석감은 괜찮지만 박스 한쪽이 심하게 눌려 있었고 내부 완충재도 일부 찢어져 있었습니다. 상품 문제보다 배송과 포장 과정에 대한 개선이 필요해 보이며 다음 구매에서는 배송 품질이 개선되었으면 좋겠습니다.,2026-10-07T20:32:17
V000050,O000101,P003,4,배송 일정이 안내된 날짜와 거의 맞았고 포장 상태도 깔끔했습니다. 제품 설명과 실제 상품의 차이가 크지 않아 전반적으로 만족합니다.,2026-10-07T20:34:24
V000051,O000107,P002,4,제품 품질이 기대한 수준이었고 설치 과정도 어렵지 않았습니다. 주문부터 배송까지 특별한 문제 없이 진행되어 재구매 의향이 있습니다.,2026-10-07T11:47:05
V000052,O000108,P002,4,배송 일정이 안내된 날짜와 거의 맞았고 포장 상태도 깔끔했습니다. 제품 설명과 실제 상품의 차이가 크지 않아 전반적으로 만족합니다.,2026-10-07T13:50:03
V000053,O000111,P003,5,제품 품질이 기대한 수준이었고 설치 과정도 어렵지 않았습니다. 주문부터 배송까지 특별한 문제 없이 진행되어 재구매 의향이 있습니다.,2026-10-07T16:10:04
V000054,O000113,P003,5,배송 일정이 안내된 날짜와 거의 맞았고 포장 상태도 깔끔했습니다. 제품 설명과 실제 상품의 차이가 크지 않아 전반적으로 만족합니다.,2026-10-07T12:44:18
V000055,O000114,P007,2,배송 예정일보다 나흘 늦게 도착했습니다. 배송 상태를 확인하기 위해 고객센터에 문의했지만 정확한 도착 예정일을 바로 안내받지 못했습니다. 제품 자체의 착석감은 괜찮지만 박스 한쪽이 심하게 눌려 있었고 내부 완충재도 일부 찢어져 있었습니다. 상품 문제보다 배송과 포장 과정에 대한 개선이 필요해 보이며 다음 구매에서는 배송 품질이 개선되었으면 좋겠습니다.,2026-10-07T17:51:22
V000056,O000115,P004,5,제품 품질이 기대한 수준이었고 설치 과정도 어렵지 않았습니다. 주문부터 배송까지 특별한 문제 없이 진행되어 재구매 의향이 있습니다.,2026-10-07T08:37:23
V000057,O000117,P007,2,"주문할 때 표시된 예상 배송일을 지나서 상품을 받았습니다. 배송 지연 안내가 미리 오지 않아 일정을 조정해야 했고, 도착한 박스 모서리도 파손되어 있었습니다. 의자는 사용할 수 있는 상태였지만 선물용으로 주문한 고객이라면 문제가 될 정도였습니다. 배송 추적 정보와 포장 검수 과정이 더 정확했으면 좋겠습니다. 제품 자체의 기능보다 배송 경험 때문에 낮은 점수를 줍니다.",2026-10-07T19:55:21
V000058,O000118,P007,2,"주문할 때 표시된 예상 배송일을 지나서 상품을 받았습니다. 배송 지연 안내가 미리 오지 않아 일정을 조정해야 했고, 도착한 박스 모서리도 파손되어 있었습니다. 의자는 사용할 수 있는 상태였지만 선물용으로 주문한 고객이라면 문제가 될 정도였습니다. 배송 추적 정보와 포장 검수 과정이 더 정확했으면 좋겠습니다. 제품 자체의 기능보다 배송 경험 때문에 낮은 점수를 줍니다.",2026-10-07T20:25:00
V000059,O000123,P007,5,배송 일정이 안내된 날짜와 거의 맞았고 포장 상태도 깔끔했습니다. 제품 설명과 실제 상품의 차이가 크지 않아 전반적으로 만족합니다.,2026-10-07T12:02:44
V000060,O000124,P002,5,배송 일정이 안내된 날짜와 거의 맞았고 포장 상태도 깔끔했습니다. 제품 설명과 실제 상품의 차이가 크지 않아 전반적으로 만족합니다.,2026-10-07T08:25:17
V000061,O000125,P004,5,배송 일정이 안내된 날짜와 거의 맞았고 포장 상태도 깔끔했습니다. 제품 설명과 실제 상품의 차이가 크지 않아 전반적으로 만족합니다.,2026-10-07T08:50:21
V000062,O000127,P004,4,배송 일정이 안내된 날짜와 거의 맞았고 포장 상태도 깔끔했습니다. 제품 설명과 실제 상품의 차이가 크지 않아 전반적으로 만족합니다.,2026-10-07T10:34:16
V000063,O000130,P003,5,배송 일정이 안내된 날짜와 거의 맞았고 포장 상태도 깔끔했습니다. 제품 설명과 실제 상품의 차이가 크지 않아 전반적으로 만족합니다.,2026-10-07T15:54:25
V000064,O000133,P004,5,제품 품질이 기대한 수준이었고 설치 과정도 어렵지 않았습니다. 주문부터 배송까지 특별한 문제 없이 진행되어 재구매 의향이 있습니다.,2026-10-07T21:13:27
V000065,O000134,P004,5,배송 일정이 안내된 날짜와 거의 맞았고 포장 상태도 깔끔했습니다. 제품 설명과 실제 상품의 차이가 크지 않아 전반적으로 만족합니다.,2026-10-07T13:42:16
V000066,O000137,P007,1,"주문할 때 표시된 예상 배송일을 지나서 상품을 받았습니다. 배송 지연 안내가 미리 오지 않아 일정을 조정해야 했고, 도착한 박스 모서리도 파손되어 있었습니다. 의자는 사용할 수 있는 상태였지만 선물용으로 주문한 고객이라면 문제가 될 정도였습니다. 배송 추적 정보와 포장 검수 과정이 더 정확했으면 좋겠습니다. 제품 자체의 기능보다 배송 경험 때문에 낮은 점수를 줍니다.",2026-10-07T17:19:22
V000067,O000141,P001,5,배송 일정이 안내된 날짜와 거의 맞았고 포장 상태도 깔끔했습니다. 제품 설명과 실제 상품의 차이가 크지 않아 전반적으로 만족합니다.,2026-10-07T09:47:33
V000068,O000143,P002,5,배송 일정이 안내된 날짜와 거의 맞았고 포장 상태도 깔끔했습니다. 제품 설명과 실제 상품의 차이가 크지 않아 전반적으로 만족합니다.,2026-10-07T15:38:28
V000069,O000144,P001,5,배송 일정이 안내된 날짜와 거의 맞았고 포장 상태도 깔끔했습니다. 제품 설명과 실제 상품의 차이가 크지 않아 전반적으로 만족합니다.,2026-10-07T17:31:33
V000070,O000145,P007,2,"주문할 때 표시된 예상 배송일을 지나서 상품을 받았습니다. 배송 지연 안내가 미리 오지 않아 일정을 조정해야 했고, 도착한 박스 모서리도 파손되어 있었습니다. 의자는 사용할 수 있는 상태였지만 선물용으로 주문한 고객이라면 문제가 될 정도였습니다. 배송 추적 정보와 포장 검수 과정이 더 정확했으면 좋겠습니다. 제품 자체의 기능보다 배송 경험 때문에 낮은 점수를 줍니다.",2026-10-07T12:20:07
V000071,O000148,P007,2,"주문할 때 표시된 예상 배송일을 지나서 상품을 받았습니다. 배송 지연 안내가 미리 오지 않아 일정을 조정해야 했고, 도착한 박스 모서리도 파손되어 있었습니다. 의자는 사용할 수 있는 상태였지만 선물용으로 주문한 고객이라면 문제가 될 정도였습니다. 배송 추적 정보와 포장 검수 과정이 더 정확했으면 좋겠습니다. 제품 자체의 기능보다 배송 경험 때문에 낮은 점수를 줍니다.",2026-10-07T21:06:15
V000072,O000149,P001,4,배송 일정이 안내된 날짜와 거의 맞았고 포장 상태도 깔끔했습니다. 제품 설명과 실제 상품의 차이가 크지 않아 전반적으로 만족합니다.,2026-10-07T16:32:12
V000073,O000150,P002,5,제품 품질이 기대한 수준이었고 설치 과정도 어렵지 않았습니다. 주문부터 배송까지 특별한 문제 없이 진행되어 재구매 의향이 있습니다.,2026-10-07T10:48:48
V000074,O000151,P007,5,배송 일정이 안내된 날짜와 거의 맞았고 포장 상태도 깔끔했습니다. 제품 설명과 실제 상품의 차이가 크지 않아 전반적으로 만족합니다.,2026-10-07T17:41:40
V000075,O000154,P004,5,배송 일정이 안내된 날짜와 거의 맞았고 포장 상태도 깔끔했습니다. 제품 설명과 실제 상품의 차이가 크지 않아 전반적으로 만족합니다.,2026-10-07T17:35:50
V000076,O000155,P003,4,배송 일정이 안내된 날짜와 거의 맞았고 포장 상태도 깔끔했습니다. 제품 설명과 실제 상품의 차이가 크지 않아 전반적으로 만족합니다.,2026-10-07T15:06:51
V000077,O000156,P007,2,배송 예정일보다 나흘 늦게 도착했습니다. 배송 상태를 확인하기 위해 고객센터에 문의했지만 정확한 도착 예정일을 바로 안내받지 못했습니다. 제품 자체의 착석감은 괜찮지만 박스 한쪽이 심하게 눌려 있었고 내부 완충재도 일부 찢어져 있었습니다. 상품 문제보다 배송과 포장 과정에 대한 개선이 필요해 보이며 다음 구매에서는 배송 품질이 개선되었으면 좋겠습니다.,2026-10-07T17:10:23
V000078,O000157,P004,5,배송 일정이 안내된 날짜와 거의 맞았고 포장 상태도 깔끔했습니다. 제품 설명과 실제 상품의 차이가 크지 않아 전반적으로 만족합니다.,2026-10-07T09:35:43
V000079,O000158,P004,4,제품 품질이 기대한 수준이었고 설치 과정도 어렵지 않았습니다. 주문부터 배송까지 특별한 문제 없이 진행되어 재구매 의향이 있습니다.,2026-10-07T12:41:44
V000080,O000160,P001,4,제품 품질이 기대한 수준이었고 설치 과정도 어렵지 않았습니다. 주문부터 배송까지 특별한 문제 없이 진행되어 재구매 의향이 있습니다.,2026-10-07T16:23:01
V000081,O000161,P003,5,배송 일정이 안내된 날짜와 거의 맞았고 포장 상태도 깔끔했습니다. 제품 설명과 실제 상품의 차이가 크지 않아 전반적으로 만족합니다.,2026-10-07T10:04:18
V000082,O000163,P004,5,제품 품질이 기대한 수준이었고 설치 과정도 어렵지 않았습니다. 주문부터 배송까지 특별한 문제 없이 진행되어 재구매 의향이 있습니다.,2026-10-07T13:43:46
V000083,O000164,P002,5,제품 품질이 기대한 수준이었고 설치 과정도 어렵지 않았습니다. 주문부터 배송까지 특별한 문제 없이 진행되어 재구매 의향이 있습니다.,2026-10-07T13:43:36
V000084,O000165,P003,5,제품 품질이 기대한 수준이었고 설치 과정도 어렵지 않았습니다. 주문부터 배송까지 특별한 문제 없이 진행되어 재구매 의향이 있습니다.,2026-10-07T20:38:08
V000085,O000166,P001,5,배송 일정이 안내된 날짜와 거의 맞았고 포장 상태도 깔끔했습니다. 제품 설명과 실제 상품의 차이가 크지 않아 전반적으로 만족합니다.,2026-10-07T12:05:48
V000086,O000167,P001,5,배송 일정이 안내된 날짜와 거의 맞았고 포장 상태도 깔끔했습니다. 제품 설명과 실제 상품의 차이가 크지 않아 전반적으로 만족합니다.,2026-10-07T13:59:01
V000087,O000169,P001,5,배송 일정이 안내된 날짜와 거의 맞았고 포장 상태도 깔끔했습니다. 제품 설명과 실제 상품의 차이가 크지 않아 전반적으로 만족합니다.,2026-10-07T19:53:08
V000088,O000170,P001,5,배송 일정이 안내된 날짜와 거의 맞았고 포장 상태도 깔끔했습니다. 제품 설명과 실제 상품의 차이가 크지 않아 전반적으로 만족합니다.,2026-10-07T16:46:38
V000089,O000172,P003,5,제품 품질이 기대한 수준이었고 설치 과정도 어렵지 않았습니다. 주문부터 배송까지 특별한 문제 없이 진행되어 재구매 의향이 있습니다.,2026-10-07T17:15:45
V000090,O000174,P007,1,"주문할 때 표시된 예상 배송일을 지나서 상품을 받았습니다. 배송 지연 안내가 미리 오지 않아 일정을 조정해야 했고, 도착한 박스 모서리도 파손되어 있었습니다. 의자는 사용할 수 있는 상태였지만 선물용으로 주문한 고객이라면 문제가 될 정도였습니다. 배송 추적 정보와 포장 검수 과정이 더 정확했으면 좋겠습니다. 제품 자체의 기능보다 배송 경험 때문에 낮은 점수를 줍니다.",2026-10-07T14:55:30
V000091,O000176,P001,5,배송 일정이 안내된 날짜와 거의 맞았고 포장 상태도 깔끔했습니다. 제품 설명과 실제 상품의 차이가 크지 않아 전반적으로 만족합니다.,2026-10-07T19:30:40
V000092,O000179,P001,4,제품 품질이 기대한 수준이었고 설치 과정도 어렵지 않았습니다. 주문부터 배송까지 특별한 문제 없이 진행되어 재구매 의향이 있습니다.,2026-10-07T14:47:28
V000093,O000180,P002,4,제품 품질이 기대한 수준이었고 설치 과정도 어렵지 않았습니다. 주문부터 배송까지 특별한 문제 없이 진행되어 재구매 의향이 있습니다.,2026-10-07T20:05:46
V000094,O000181,P001,5,제품 품질이 기대한 수준이었고 설치 과정도 어렵지 않았습니다. 주문부터 배송까지 특별한 문제 없이 진행되어 재구매 의향이 있습니다.,2026-10-07T12:28:38
V000095,O000183,P004,5,제품 품질이 기대한 수준이었고 설치 과정도 어렵지 않았습니다. 주문부터 배송까지 특별한 문제 없이 진행되어 재구매 의향이 있습니다.,2026-10-07T20:47:43
V000096,O000184,P002,5,제품 품질이 기대한 수준이었고 설치 과정도 어렵지 않았습니다. 주문부터 배송까지 특별한 문제 없이 진행되어 재구매 의향이 있습니다.,2026-10-07T13:24:36
V000097,O000185,P007,4,배송 일정이 안내된 날짜와 거의 맞았고 포장 상태도 깔끔했습니다. 제품 설명과 실제 상품의 차이가 크지 않아 전반적으로 만족합니다.,2026-10-07T16:23:25
V000098,O000186,P003,5,제품 품질이 기대한 수준이었고 설치 과정도 어렵지 않았습니다. 주문부터 배송까지 특별한 문제 없이 진행되어 재구매 의향이 있습니다.,2026-10-07T12:49:16
V000099,O000189,P007,2,배송 예정일보다 나흘 늦게 도착했습니다. 배송 상태를 확인하기 위해 고객센터에 문의했지만 정확한 도착 예정일을 바로 안내받지 못했습니다. 제품 자체의 착석감은 괜찮지만 박스 한쪽이 심하게 눌려 있었고 내부 완충재도 일부 찢어져 있었습니다. 상품 문제보다 배송과 포장 과정에 대한 개선이 필요해 보이며 다음 구매에서는 배송 품질이 개선되었으면 좋겠습니다.,2026-10-07T10:50:23
V000100,O000190,P001,4,배송 일정이 안내된 날짜와 거의 맞았고 포장 상태도 깔끔했습니다. 제품 설명과 실제 상품의 차이가 크지 않아 전반적으로 만족합니다.,2026-10-07T13:29:51
V000101,O000191,P007,4,제품 품질이 기대한 수준이었고 설치 과정도 어렵지 않았습니다. 주문부터 배송까지 특별한 문제 없이 진행되어 재구매 의향이 있습니다.,2026-10-07T14:49:26
V000102,O000192,P003,5,배송 일정이 안내된 날짜와 거의 맞았고 포장 상태도 깔끔했습니다. 제품 설명과 실제 상품의 차이가 크지 않아 전반적으로 만족합니다.,2026-10-07T18:37:11
V000103,O000193,P003,5,제품 품질이 기대한 수준이었고 설치 과정도 어렵지 않았습니다. 주문부터 배송까지 특별한 문제 없이 진행되어 재구매 의향이 있습니다.,2026-10-07T10:20:59
V000104,O000198,P002,5,제품 품질이 기대한 수준이었고 설치 과정도 어렵지 않았습니다. 주문부터 배송까지 특별한 문제 없이 진행되어 재구매 의향이 있습니다.,2026-10-07T12:29:04
V000105,O000200,P001,5,배송 일정이 안내된 날짜와 거의 맞았고 포장 상태도 깔끔했습니다. 제품 설명과 실제 상품의 차이가 크지 않아 전반적으로 만족합니다.,2026-10-07T16:06:20
V000106,O000202,P004,4,배송 일정이 안내된 날짜와 거의 맞았고 포장 상태도 깔끔했습니다. 제품 설명과 실제 상품의 차이가 크지 않아 전반적으로 만족합니다.,2026-10-07T15:32:29
V000107,O000203,P003,5,제품 품질이 기대한 수준이었고 설치 과정도 어렵지 않았습니다. 주문부터 배송까지 특별한 문제 없이 진행되어 재구매 의향이 있습니다.,2026-10-07T17:22:03
V000108,O000204,P007,2,"주문할 때 표시된 예상 배송일을 지나서 상품을 받았습니다. 배송 지연 안내가 미리 오지 않아 일정을 조정해야 했고, 도착한 박스 모서리도 파손되어 있었습니다. 의자는 사용할 수 있는 상태였지만 선물용으로 주문한 고객이라면 문제가 될 정도였습니다. 배송 추적 정보와 포장 검수 과정이 더 정확했으면 좋겠습니다. 제품 자체의 기능보다 배송 경험 때문에 낮은 점수를 줍니다.",2026-10-07T12:46:23
V000109,O000206,P001,4,배송 일정이 안내된 날짜와 거의 맞았고 포장 상태도 깔끔했습니다. 제품 설명과 실제 상품의 차이가 크지 않아 전반적으로 만족합니다.,2026-10-07T13:50:21
V000110,O000207,P003,5,배송 일정이 안내된 날짜와 거의 맞았고 포장 상태도 깔끔했습니다. 제품 설명과 실제 상품의 차이가 크지 않아 전반적으로 만족합니다.,2026-10-07T08:08:45
V000111,O000211,P002,5,제품 품질이 기대한 수준이었고 설치 과정도 어렵지 않았습니다. 주문부터 배송까지 특별한 문제 없이 진행되어 재구매 의향이 있습니다.,2026-10-07T17:14:46
V000112,O000212,P004,4,제품 품질이 기대한 수준이었고 설치 과정도 어렵지 않았습니다. 주문부터 배송까지 특별한 문제 없이 진행되어 재구매 의향이 있습니다.,2026-10-07T19:07:12
V000113,O000213,P004,5,제품 품질이 기대한 수준이었고 설치 과정도 어렵지 않았습니다. 주문부터 배송까지 특별한 문제 없이 진행되어 재구매 의향이 있습니다.,2026-10-07T19:03:45
V000114,O000215,P004,5,배송 일정이 안내된 날짜와 거의 맞았고 포장 상태도 깔끔했습니다. 제품 설명과 실제 상품의 차이가 크지 않아 전반적으로 만족합니다.,2026-10-07T17:30:12
V000115,O000216,P007,2,"주문할 때 표시된 예상 배송일을 지나서 상품을 받았습니다. 배송 지연 안내가 미리 오지 않아 일정을 조정해야 했고, 도착한 박스 모서리도 파손되어 있었습니다. 의자는 사용할 수 있는 상태였지만 선물용으로 주문한 고객이라면 문제가 될 정도였습니다. 배송 추적 정보와 포장 검수 과정이 더 정확했으면 좋겠습니다. 제품 자체의 기능보다 배송 경험 때문에 낮은 점수를 줍니다.",2026-10-07T11:44:45
V000116,O000217,P003,4,제품 품질이 기대한 수준이었고 설치 과정도 어렵지 않았습니다. 주문부터 배송까지 특별한 문제 없이 진행되어 재구매 의향이 있습니다.,2026-10-07T20:51:09
V000117,O000219,P001,4,배송 일정이 안내된 날짜와 거의 맞았고 포장 상태도 깔끔했습니다. 제품 설명과 실제 상품의 차이가 크지 않아 전반적으로 만족합니다.,2026-10-07T11:03:42
V000118,O000220,P002,5,제품 품질이 기대한 수준이었고 설치 과정도 어렵지 않았습니다. 주문부터 배송까지 특별한 문제 없이 진행되어 재구매 의향이 있습니다.,2026-10-07T18:49:08
V000119,O000221,P007,1,배송 예정일보다 나흘 늦게 도착했습니다. 배송 상태를 확인하기 위해 고객센터에 문의했지만 정확한 도착 예정일을 바로 안내받지 못했습니다. 제품 자체의 착석감은 괜찮지만 박스 한쪽이 심하게 눌려 있었고 내부 완충재도 일부 찢어져 있었습니다. 상품 문제보다 배송과 포장 과정에 대한 개선이 필요해 보이며 다음 구매에서는 배송 품질이 개선되었으면 좋겠습니다.,2026-10-07T12:41:03
V000120,O000223,P007,3,배송 예정일보다 나흘 늦게 도착했습니다. 배송 상태를 확인하기 위해 고객센터에 문의했지만 정확한 도착 예정일을 바로 안내받지 못했습니다. 제품 자체의 착석감은 괜찮지만 박스 한쪽이 심하게 눌려 있었고 내부 완충재도 일부 찢어져 있었습니다. 상품 문제보다 배송과 포장 과정에 대한 개선이 필요해 보이며 다음 구매에서는 배송 품질이 개선되었으면 좋겠습니다.,2026-10-07T17:38:06
V000121,O000224,P003,4,배송 일정이 안내된 날짜와 거의 맞았고 포장 상태도 깔끔했습니다. 제품 설명과 실제 상품의 차이가 크지 않아 전반적으로 만족합니다.,2026-10-07T13:10:46
V000122,O000226,P003,5,배송 일정이 안내된 날짜와 거의 맞았고 포장 상태도 깔끔했습니다. 제품 설명과 실제 상품의 차이가 크지 않아 전반적으로 만족합니다.,2026-10-07T14:42:06
V000123,O000227,P002,5,배송 일정이 안내된 날짜와 거의 맞았고 포장 상태도 깔끔했습니다. 제품 설명과 실제 상품의 차이가 크지 않아 전반적으로 만족합니다.,2026-10-07T12:37:46
V000124,O000229,P004,4,제품 품질이 기대한 수준이었고 설치 과정도 어렵지 않았습니다. 주문부터 배송까지 특별한 문제 없이 진행되어 재구매 의향이 있습니다.,2026-10-07T13:39:14
V000125,O000233,P007,1,"주문할 때 표시된 예상 배송일을 지나서 상품을 받았습니다. 배송 지연 안내가 미리 오지 않아 일정을 조정해야 했고, 도착한 박스 모서리도 파손되어 있었습니다. 의자는 사용할 수 있는 상태였지만 선물용으로 주문한 고객이라면 문제가 될 정도였습니다. 배송 추적 정보와 포장 검수 과정이 더 정확했으면 좋겠습니다. 제품 자체의 기능보다 배송 경험 때문에 낮은 점수를 줍니다.",2026-10-07T18:13:45
V000126,O000234,P003,5,배송 일정이 안내된 날짜와 거의 맞았고 포장 상태도 깔끔했습니다. 제품 설명과 실제 상품의 차이가 크지 않아 전반적으로 만족합니다.,2026-10-07T15:43:51
V000127,O000235,P004,4,제품 품질이 기대한 수준이었고 설치 과정도 어렵지 않았습니다. 주문부터 배송까지 특별한 문제 없이 진행되어 재구매 의향이 있습니다.,2026-10-07T13:44:04
V000128,O000237,P007,4,배송 일정이 안내된 날짜와 거의 맞았고 포장 상태도 깔끔했습니다. 제품 설명과 실제 상품의 차이가 크지 않아 전반적으로 만족합니다.,2026-10-07T09:43:42
V000129,O000239,P004,5,배송 일정이 안내된 날짜와 거의 맞았고 포장 상태도 깔끔했습니다. 제품 설명과 실제 상품의 차이가 크지 않아 전반적으로 만족합니다.,2026-10-07T14:52:14
V000130,O000242,P003,5,배송 일정이 안내된 날짜와 거의 맞았고 포장 상태도 깔끔했습니다. 제품 설명과 실제 상품의 차이가 크지 않아 전반적으로 만족합니다.,2026-10-07T11:48:55
V000131,O000243,P004,4,배송 일정이 안내된 날짜와 거의 맞았고 포장 상태도 깔끔했습니다. 제품 설명과 실제 상품의 차이가 크지 않아 전반적으로 만족합니다.,2026-10-07T17:49:43
V000132,O000244,P002,5,배송 일정이 안내된 날짜와 거의 맞았고 포장 상태도 깔끔했습니다. 제품 설명과 실제 상품의 차이가 크지 않아 전반적으로 만족합니다.,2026-10-07T19:58:11
V000133,O000245,P007,2,"주문할 때 표시된 예상 배송일을 지나서 상품을 받았습니다. 배송 지연 안내가 미리 오지 않아 일정을 조정해야 했고, 도착한 박스 모서리도 파손되어 있었습니다. 의자는 사용할 수 있는 상태였지만 선물용으로 주문한 고객이라면 문제가 될 정도였습니다. 배송 추적 정보와 포장 검수 과정이 더 정확했으면 좋겠습니다. 제품 자체의 기능보다 배송 경험 때문에 낮은 점수를 줍니다.",2026-10-07T20:33:20
V000134,O000247,P002,5,배송 일정이 안내된 날짜와 거의 맞았고 포장 상태도 깔끔했습니다. 제품 설명과 실제 상품의 차이가 크지 않아 전반적으로 만족합니다.,2026-10-07T18:05:59
V000135,O000249,P002,4,제품 품질이 기대한 수준이었고 설치 과정도 어렵지 않았습니다. 주문부터 배송까지 특별한 문제 없이 진행되어 재구매 의향이 있습니다.,2026-10-07T12:58:00
V000136,O000250,P004,5,제품 품질이 기대한 수준이었고 설치 과정도 어렵지 않았습니다. 주문부터 배송까지 특별한 문제 없이 진행되어 재구매 의향이 있습니다.,2026-10-07T11:35:20
V000137,O000252,P002,5,제품 품질이 기대한 수준이었고 설치 과정도 어렵지 않았습니다. 주문부터 배송까지 특별한 문제 없이 진행되어 재구매 의향이 있습니다.,2026-10-07T17:55:14
V000138,O000258,P003,5,제품 품질이 기대한 수준이었고 설치 과정도 어렵지 않았습니다. 주문부터 배송까지 특별한 문제 없이 진행되어 재구매 의향이 있습니다.,2026-10-07T08:34:35
V000139,O000261,P004,5,제품 품질이 기대한 수준이었고 설치 과정도 어렵지 않았습니다. 주문부터 배송까지 특별한 문제 없이 진행되어 재구매 의향이 있습니다.,2026-10-07T21:41:48
V000140,O000264,P001,5,배송 일정이 안내된 날짜와 거의 맞았고 포장 상태도 깔끔했습니다. 제품 설명과 실제 상품의 차이가 크지 않아 전반적으로 만족합니다.,2026-10-07T12:57:34
V000141,O000268,P007,3,"주문할 때 표시된 예상 배송일을 지나서 상품을 받았습니다. 배송 지연 안내가 미리 오지 않아 일정을 조정해야 했고, 도착한 박스 모서리도 파손되어 있었습니다. 의자는 사용할 수 있는 상태였지만 선물용으로 주문한 고객이라면 문제가 될 정도였습니다. 배송 추적 정보와 포장 검수 과정이 더 정확했으면 좋겠습니다. 제품 자체의 기능보다 배송 경험 때문에 낮은 점수를 줍니다.",2026-10-07T18:17:50
V000142,O000269,P004,4,제품 품질이 기대한 수준이었고 설치 과정도 어렵지 않았습니다. 주문부터 배송까지 특별한 문제 없이 진행되어 재구매 의향이 있습니다.,2026-10-07T12:51:15
V000143,O000270,P004,5,배송 일정이 안내된 날짜와 거의 맞았고 포장 상태도 깔끔했습니다. 제품 설명과 실제 상품의 차이가 크지 않아 전반적으로 만족합니다.,2026-10-07T13:06:05
V000144,O000271,P001,5,배송 일정이 안내된 날짜와 거의 맞았고 포장 상태도 깔끔했습니다. 제품 설명과 실제 상품의 차이가 크지 않아 전반적으로 만족합니다.,2026-10-07T16:32:26
V000145,O000273,P007,3,배송 예정일보다 나흘 늦게 도착했습니다. 배송 상태를 확인하기 위해 고객센터에 문의했지만 정확한 도착 예정일을 바로 안내받지 못했습니다. 제품 자체의 착석감은 괜찮지만 박스 한쪽이 심하게 눌려 있었고 내부 완충재도 일부 찢어져 있었습니다. 상품 문제보다 배송과 포장 과정에 대한 개선이 필요해 보이며 다음 구매에서는 배송 품질이 개선되었으면 좋겠습니다.,2026-10-07T16:10:43
V000146,O000274,P002,5,배송 일정이 안내된 날짜와 거의 맞았고 포장 상태도 깔끔했습니다. 제품 설명과 실제 상품의 차이가 크지 않아 전반적으로 만족합니다.,2026-10-07T20:04:23
V000147,O000280,P001,4,제품 품질이 기대한 수준이었고 설치 과정도 어렵지 않았습니다. 주문부터 배송까지 특별한 문제 없이 진행되어 재구매 의향이 있습니다.,2026-10-07T15:08:40
V000148,O000282,P003,4,제품 품질이 기대한 수준이었고 설치 과정도 어렵지 않았습니다. 주문부터 배송까지 특별한 문제 없이 진행되어 재구매 의향이 있습니다.,2026-10-07T20:34:38
V000149,O000283,P004,5,배송 일정이 안내된 날짜와 거의 맞았고 포장 상태도 깔끔했습니다. 제품 설명과 실제 상품의 차이가 크지 않아 전반적으로 만족합니다.,2026-10-07T18:41:25
V000150,O000284,P002,5,배송 일정이 안내된 날짜와 거의 맞았고 포장 상태도 깔끔했습니다. 제품 설명과 실제 상품의 차이가 크지 않아 전반적으로 만족합니다.,2026-10-07T17:44:36
V000151,O000286,P002,5,제품 품질이 기대한 수준이었고 설치 과정도 어렵지 않았습니다. 주문부터 배송까지 특별한 문제 없이 진행되어 재구매 의향이 있습니다.,2026-10-07T16:30:22
V000152,O000291,P004,5,제품 품질이 기대한 수준이었고 설치 과정도 어렵지 않았습니다. 주문부터 배송까지 특별한 문제 없이 진행되어 재구매 의향이 있습니다.,2026-10-07T13:20:12
V000153,O000292,P004,5,배송 일정이 안내된 날짜와 거의 맞았고 포장 상태도 깔끔했습니다. 제품 설명과 실제 상품의 차이가 크지 않아 전반적으로 만족합니다.,2026-10-07T13:22:54
V000154,O000295,P001,4,제품 품질이 기대한 수준이었고 설치 과정도 어렵지 않았습니다. 주문부터 배송까지 특별한 문제 없이 진행되어 재구매 의향이 있습니다.,2026-10-07T12:08:11
V000155,O000297,P007,2,"주문할 때 표시된 예상 배송일을 지나서 상품을 받았습니다. 배송 지연 안내가 미리 오지 않아 일정을 조정해야 했고, 도착한 박스 모서리도 파손되어 있었습니다. 의자는 사용할 수 있는 상태였지만 선물용으로 주문한 고객이라면 문제가 될 정도였습니다. 배송 추적 정보와 포장 검수 과정이 더 정확했으면 좋겠습니다. 제품 자체의 기능보다 배송 경험 때문에 낮은 점수를 줍니다.",2026-10-07T09:36:01
V000156,O000299,P002,4,제품 품질이 기대한 수준이었고 설치 과정도 어렵지 않았습니다. 주문부터 배송까지 특별한 문제 없이 진행되어 재구매 의향이 있습니다.,2026-10-07T15:34:13
V000157,O000301,P002,5,배송 일정이 안내된 날짜와 거의 맞았고 포장 상태도 깔끔했습니다. 제품 설명과 실제 상품의 차이가 크지 않아 전반적으로 만족합니다.,2026-10-07T13:55:45
V000158,O000302,P007,5,제품 품질이 기대한 수준이었고 설치 과정도 어렵지 않았습니다. 주문부터 배송까지 특별한 문제 없이 진행되어 재구매 의향이 있습니다.,2026-10-07T13:34:17
V000159,O000308,P004,4,제품 품질이 기대한 수준이었고 설치 과정도 어렵지 않았습니다. 주문부터 배송까지 특별한 문제 없이 진행되어 재구매 의향이 있습니다.,2026-10-07T20:34:25
V000160,O000310,P007,5,제품 품질이 기대한 수준이었고 설치 과정도 어렵지 않았습니다. 주문부터 배송까지 특별한 문제 없이 진행되어 재구매 의향이 있습니다.,2026-10-07T18:50:53
V000161,O000312,P002,5,배송 일정이 안내된 날짜와 거의 맞았고 포장 상태도 깔끔했습니다. 제품 설명과 실제 상품의 차이가 크지 않아 전반적으로 만족합니다.,2026-10-07T18:57:41
V000162,O000313,P001,5,배송 일정이 안내된 날짜와 거의 맞았고 포장 상태도 깔끔했습니다. 제품 설명과 실제 상품의 차이가 크지 않아 전반적으로 만족합니다.,2026-10-07T11:30:04
V000163,O000314,P007,4,제품 품질이 기대한 수준이었고 설치 과정도 어렵지 않았습니다. 주문부터 배송까지 특별한 문제 없이 진행되어 재구매 의향이 있습니다.,2026-10-07T10:30:04
V000164,O000316,P001,5,배송 일정이 안내된 날짜와 거의 맞았고 포장 상태도 깔끔했습니다. 제품 설명과 실제 상품의 차이가 크지 않아 전반적으로 만족합니다.,2026-10-07T11:40:47
V000165,O000317,P001,4,배송 일정이 안내된 날짜와 거의 맞았고 포장 상태도 깔끔했습니다. 제품 설명과 실제 상품의 차이가 크지 않아 전반적으로 만족합니다.,2026-10-07T19:24:22
V000166,O000319,P002,4,제품 품질이 기대한 수준이었고 설치 과정도 어렵지 않았습니다. 주문부터 배송까지 특별한 문제 없이 진행되어 재구매 의향이 있습니다.,2026-10-07T11:47:25
V000167,O000321,P001,4,배송 일정이 안내된 날짜와 거의 맞았고 포장 상태도 깔끔했습니다. 제품 설명과 실제 상품의 차이가 크지 않아 전반적으로 만족합니다.,2026-10-07T13:34:43
V000168,O000323,P003,4,제품 품질이 기대한 수준이었고 설치 과정도 어렵지 않았습니다. 주문부터 배송까지 특별한 문제 없이 진행되어 재구매 의향이 있습니다.,2026-10-07T09:40:34
V000169,O000325,P001,5,배송 일정이 안내된 날짜와 거의 맞았고 포장 상태도 깔끔했습니다. 제품 설명과 실제 상품의 차이가 크지 않아 전반적으로 만족합니다.,2026-10-07T19:54:15
V000170,O000326,P004,4,배송 일정이 안내된 날짜와 거의 맞았고 포장 상태도 깔끔했습니다. 제품 설명과 실제 상품의 차이가 크지 않아 전반적으로 만족합니다.,2026-10-07T19:42:47
V000171,O000327,P007,5,배송 일정이 안내된 날짜와 거의 맞았고 포장 상태도 깔끔했습니다. 제품 설명과 실제 상품의 차이가 크지 않아 전반적으로 만족합니다.,2026-10-07T20:52:46
V000172,O000329,P003,4,배송 일정이 안내된 날짜와 거의 맞았고 포장 상태도 깔끔했습니다. 제품 설명과 실제 상품의 차이가 크지 않아 전반적으로 만족합니다.,2026-10-07T15:54:36
V000173,O000331,P007,3,"주문할 때 표시된 예상 배송일을 지나서 상품을 받았습니다. 배송 지연 안내가 미리 오지 않아 일정을 조정해야 했고, 도착한 박스 모서리도 파손되어 있었습니다. 의자는 사용할 수 있는 상태였지만 선물용으로 주문한 고객이라면 문제가 될 정도였습니다. 배송 추적 정보와 포장 검수 과정이 더 정확했으면 좋겠습니다. 제품 자체의 기능보다 배송 경험 때문에 낮은 점수를 줍니다.",2026-10-07T20:58:45
V000174,O000333,P007,1,"주문할 때 표시된 예상 배송일을 지나서 상품을 받았습니다. 배송 지연 안내가 미리 오지 않아 일정을 조정해야 했고, 도착한 박스 모서리도 파손되어 있었습니다. 의자는 사용할 수 있는 상태였지만 선물용으로 주문한 고객이라면 문제가 될 정도였습니다. 배송 추적 정보와 포장 검수 과정이 더 정확했으면 좋겠습니다. 제품 자체의 기능보다 배송 경험 때문에 낮은 점수를 줍니다.",2026-10-07T21:18:49
V000175,O000335,P004,5,배송 일정이 안내된 날짜와 거의 맞았고 포장 상태도 깔끔했습니다. 제품 설명과 실제 상품의 차이가 크지 않아 전반적으로 만족합니다.,2026-10-07T10:00:59
V000176,O000336,P001,4,제품 품질이 기대한 수준이었고 설치 과정도 어렵지 않았습니다. 주문부터 배송까지 특별한 문제 없이 진행되어 재구매 의향이 있습니다.,2026-10-07T21:47:46
V000177,O000338,P004,5,배송 일정이 안내된 날짜와 거의 맞았고 포장 상태도 깔끔했습니다. 제품 설명과 실제 상품의 차이가 크지 않아 전반적으로 만족합니다.,2026-10-07T19:05:37
V000178,O000341,P001,4,제품 품질이 기대한 수준이었고 설치 과정도 어렵지 않았습니다. 주문부터 배송까지 특별한 문제 없이 진행되어 재구매 의향이 있습니다.,2026-10-07T15:20:26
V000179,O000343,P002,4,제품 품질이 기대한 수준이었고 설치 과정도 어렵지 않았습니다. 주문부터 배송까지 특별한 문제 없이 진행되어 재구매 의향이 있습니다.,2026-10-07T09:45:15
V000180,O000344,P007,2,배송 예정일보다 나흘 늦게 도착했습니다. 배송 상태를 확인하기 위해 고객센터에 문의했지만 정확한 도착 예정일을 바로 안내받지 못했습니다. 제품 자체의 착석감은 괜찮지만 박스 한쪽이 심하게 눌려 있었고 내부 완충재도 일부 찢어져 있었습니다. 상품 문제보다 배송과 포장 과정에 대한 개선이 필요해 보이며 다음 구매에서는 배송 품질이 개선되었으면 좋겠습니다.,2026-10-07T21:28:35
V000181,O000348,P001,5,배송 일정이 안내된 날짜와 거의 맞았고 포장 상태도 깔끔했습니다. 제품 설명과 실제 상품의 차이가 크지 않아 전반적으로 만족합니다.,2026-10-07T10:22:13
V000182,O000349,P004,5,배송 일정이 안내된 날짜와 거의 맞았고 포장 상태도 깔끔했습니다. 제품 설명과 실제 상품의 차이가 크지 않아 전반적으로 만족합니다.,2026-10-07T16:30:03
V000183,O000351,P007,1,"주문할 때 표시된 예상 배송일을 지나서 상품을 받았습니다. 배송 지연 안내가 미리 오지 않아 일정을 조정해야 했고, 도착한 박스 모서리도 파손되어 있었습니다. 의자는 사용할 수 있는 상태였지만 선물용으로 주문한 고객이라면 문제가 될 정도였습니다. 배송 추적 정보와 포장 검수 과정이 더 정확했으면 좋겠습니다. 제품 자체의 기능보다 배송 경험 때문에 낮은 점수를 줍니다.",2026-10-07T16:20:24
V000184,O000352,P003,4,배송 일정이 안내된 날짜와 거의 맞았고 포장 상태도 깔끔했습니다. 제품 설명과 실제 상품의 차이가 크지 않아 전반적으로 만족합니다.,2026-10-07T10:06:15
V000185,O000355,P003,5,제품 품질이 기대한 수준이었고 설치 과정도 어렵지 않았습니다. 주문부터 배송까지 특별한 문제 없이 진행되어 재구매 의향이 있습니다.,2026-10-07T08:05:03
V000186,O000356,P007,2,배송 예정일보다 나흘 늦게 도착했습니다. 배송 상태를 확인하기 위해 고객센터에 문의했지만 정확한 도착 예정일을 바로 안내받지 못했습니다. 제품 자체의 착석감은 괜찮지만 박스 한쪽이 심하게 눌려 있었고 내부 완충재도 일부 찢어져 있었습니다. 상품 문제보다 배송과 포장 과정에 대한 개선이 필요해 보이며 다음 구매에서는 배송 품질이 개선되었으면 좋겠습니다.,2026-10-07T10:58:51
V000187,O000357,P007,2,"주문할 때 표시된 예상 배송일을 지나서 상품을 받았습니다. 배송 지연 안내가 미리 오지 않아 일정을 조정해야 했고, 도착한 박스 모서리도 파손되어 있었습니다. 의자는 사용할 수 있는 상태였지만 선물용으로 주문한 고객이라면 문제가 될 정도였습니다. 배송 추적 정보와 포장 검수 과정이 더 정확했으면 좋겠습니다. 제품 자체의 기능보다 배송 경험 때문에 낮은 점수를 줍니다.",2026-10-07T19:42:25
V000188,O000359,P002,4,제품 품질이 기대한 수준이었고 설치 과정도 어렵지 않았습니다. 주문부터 배송까지 특별한 문제 없이 진행되어 재구매 의향이 있습니다.,2026-10-07T14:19:46
V000189,O000362,P007,2,배송 예정일보다 나흘 늦게 도착했습니다. 배송 상태를 확인하기 위해 고객센터에 문의했지만 정확한 도착 예정일을 바로 안내받지 못했습니다. 제품 자체의 착석감은 괜찮지만 박스 한쪽이 심하게 눌려 있었고 내부 완충재도 일부 찢어져 있었습니다. 상품 문제보다 배송과 포장 과정에 대한 개선이 필요해 보이며 다음 구매에서는 배송 품질이 개선되었으면 좋겠습니다.,2026-10-07T18:40:46
V000190,O000363,P007,3,"주문할 때 표시된 예상 배송일을 지나서 상품을 받았습니다. 배송 지연 안내가 미리 오지 않아 일정을 조정해야 했고, 도착한 박스 모서리도 파손되어 있었습니다. 의자는 사용할 수 있는 상태였지만 선물용으로 주문한 고객이라면 문제가 될 정도였습니다. 배송 추적 정보와 포장 검수 과정이 더 정확했으면 좋겠습니다. 제품 자체의 기능보다 배송 경험 때문에 낮은 점수를 줍니다.",2026-10-07T14:28:46
V000191,O000364,P001,4,제품 품질이 기대한 수준이었고 설치 과정도 어렵지 않았습니다. 주문부터 배송까지 특별한 문제 없이 진행되어 재구매 의향이 있습니다.,2026-10-07T18:48:43
V000192,O000366,P002,5,배송 일정이 안내된 날짜와 거의 맞았고 포장 상태도 깔끔했습니다. 제품 설명과 실제 상품의 차이가 크지 않아 전반적으로 만족합니다.,2026-10-07T19:01:27
V000193,O000368,P002,5,배송 일정이 안내된 날짜와 거의 맞았고 포장 상태도 깔끔했습니다. 제품 설명과 실제 상품의 차이가 크지 않아 전반적으로 만족합니다.,2026-10-07T14:36:35
V000194,O000369,P002,5,배송 일정이 안내된 날짜와 거의 맞았고 포장 상태도 깔끔했습니다. 제품 설명과 실제 상품의 차이가 크지 않아 전반적으로 만족합니다.,2026-10-07T17:30:12
V000195,O000371,P002,4,제품 품질이 기대한 수준이었고 설치 과정도 어렵지 않았습니다. 주문부터 배송까지 특별한 문제 없이 진행되어 재구매 의향이 있습니다.,2026-10-07T10:28:02
V000196,O000375,P007,4,배송 일정이 안내된 날짜와 거의 맞았고 포장 상태도 깔끔했습니다. 제품 설명과 실제 상품의 차이가 크지 않아 전반적으로 만족합니다.,2026-10-07T17:09:07
V000197,O000378,P007,1,배송 예정일보다 나흘 늦게 도착했습니다. 배송 상태를 확인하기 위해 고객센터에 문의했지만 정확한 도착 예정일을 바로 안내받지 못했습니다. 제품 자체의 착석감은 괜찮지만 박스 한쪽이 심하게 눌려 있었고 내부 완충재도 일부 찢어져 있었습니다. 상품 문제보다 배송과 포장 과정에 대한 개선이 필요해 보이며 다음 구매에서는 배송 품질이 개선되었으면 좋겠습니다.,2026-10-07T17:37:33
V000198,O000381,P004,5,제품 품질이 기대한 수준이었고 설치 과정도 어렵지 않았습니다. 주문부터 배송까지 특별한 문제 없이 진행되어 재구매 의향이 있습니다.,2026-10-07T15:58:17
V000199,O000384,P003,5,제품 품질이 기대한 수준이었고 설치 과정도 어렵지 않았습니다. 주문부터 배송까지 특별한 문제 없이 진행되어 재구매 의향이 있습니다.,2026-10-07T21:03:32
V000200,O000389,P003,4,제품 품질이 기대한 수준이었고 설치 과정도 어렵지 않았습니다. 주문부터 배송까지 특별한 문제 없이 진행되어 재구매 의향이 있습니다.,2026-10-07T20:13:54
V000201,O000391,P004,5,제품 품질이 기대한 수준이었고 설치 과정도 어렵지 않았습니다. 주문부터 배송까지 특별한 문제 없이 진행되어 재구매 의향이 있습니다.,2026-10-07T19:41:17
V000202,O000392,P003,5,제품 품질이 기대한 수준이었고 설치 과정도 어렵지 않았습니다. 주문부터 배송까지 특별한 문제 없이 진행되어 재구매 의향이 있습니다.,2026-10-07T21:39:25
V000203,O000393,P001,5,배송 일정이 안내된 날짜와 거의 맞았고 포장 상태도 깔끔했습니다. 제품 설명과 실제 상품의 차이가 크지 않아 전반적으로 만족합니다.,2026-10-07T12:40:20
V000204,O000398,P003,5,제품 품질이 기대한 수준이었고 설치 과정도 어렵지 않았습니다. 주문부터 배송까지 특별한 문제 없이 진행되어 재구매 의향이 있습니다.,2026-10-07T13:41:05
V000205,O000399,P002,5,배송 일정이 안내된 날짜와 거의 맞았고 포장 상태도 깔끔했습니다. 제품 설명과 실제 상품의 차이가 크지 않아 전반적으로 만족합니다.,2026-10-07T12:29:54
V000206,O000401,P007,4,배송 일정이 안내된 날짜와 거의 맞았고 포장 상태도 깔끔했습니다. 제품 설명과 실제 상품의 차이가 크지 않아 전반적으로 만족합니다.,2026-10-07T17:57:58
V000207,O000402,P004,4,배송 일정이 안내된 날짜와 거의 맞았고 포장 상태도 깔끔했습니다. 제품 설명과 실제 상품의 차이가 크지 않아 전반적으로 만족합니다.,2026-10-07T18:03:00
V000208,O000403,P007,1,배송 예정일보다 나흘 늦게 도착했습니다. 배송 상태를 확인하기 위해 고객센터에 문의했지만 정확한 도착 예정일을 바로 안내받지 못했습니다. 제품 자체의 착석감은 괜찮지만 박스 한쪽이 심하게 눌려 있었고 내부 완충재도 일부 찢어져 있었습니다. 상품 문제보다 배송과 포장 과정에 대한 개선이 필요해 보이며 다음 구매에서는 배송 품질이 개선되었으면 좋겠습니다.,2026-10-07T17:27:40
V000209,O000406,P007,4,제품 품질이 기대한 수준이었고 설치 과정도 어렵지 않았습니다. 주문부터 배송까지 특별한 문제 없이 진행되어 재구매 의향이 있습니다.,2026-10-07T15:46:33
V000210,O000410,P003,4,제품 품질이 기대한 수준이었고 설치 과정도 어렵지 않았습니다. 주문부터 배송까지 특별한 문제 없이 진행되어 재구매 의향이 있습니다.,2026-10-07T16:16:30
V000211,O000415,P001,4,제품 품질이 기대한 수준이었고 설치 과정도 어렵지 않았습니다. 주문부터 배송까지 특별한 문제 없이 진행되어 재구매 의향이 있습니다.,2026-10-07T09:46:46
V000212,O000417,P004,4,배송 일정이 안내된 날짜와 거의 맞았고 포장 상태도 깔끔했습니다. 제품 설명과 실제 상품의 차이가 크지 않아 전반적으로 만족합니다.,2026-10-07T09:06:54
V000213,O000418,P007,3,"주문할 때 표시된 예상 배송일을 지나서 상품을 받았습니다. 배송 지연 안내가 미리 오지 않아 일정을 조정해야 했고, 도착한 박스 모서리도 파손되어 있었습니다. 의자는 사용할 수 있는 상태였지만 선물용으로 주문한 고객이라면 문제가 될 정도였습니다. 배송 추적 정보와 포장 검수 과정이 더 정확했으면 좋겠습니다. 제품 자체의 기능보다 배송 경험 때문에 낮은 점수를 줍니다.",2026-10-07T19:05:23
V000214,O000419,P004,4,배송 일정이 안내된 날짜와 거의 맞았고 포장 상태도 깔끔했습니다. 제품 설명과 실제 상품의 차이가 크지 않아 전반적으로 만족합니다.,2026-10-07T18:56:51
V000215,O000421,P007,2,배송 예정일보다 나흘 늦게 도착했습니다. 배송 상태를 확인하기 위해 고객센터에 문의했지만 정확한 도착 예정일을 바로 안내받지 못했습니다. 제품 자체의 착석감은 괜찮지만 박스 한쪽이 심하게 눌려 있었고 내부 완충재도 일부 찢어져 있었습니다. 상품 문제보다 배송과 포장 과정에 대한 개선이 필요해 보이며 다음 구매에서는 배송 품질이 개선되었으면 좋겠습니다.,2026-10-07T15:07:56
V000216,O000427,P007,1,배송 예정일보다 나흘 늦게 도착했습니다. 배송 상태를 확인하기 위해 고객센터에 문의했지만 정확한 도착 예정일을 바로 안내받지 못했습니다. 제품 자체의 착석감은 괜찮지만 박스 한쪽이 심하게 눌려 있었고 내부 완충재도 일부 찢어져 있었습니다. 상품 문제보다 배송과 포장 과정에 대한 개선이 필요해 보이며 다음 구매에서는 배송 품질이 개선되었으면 좋겠습니다.,2026-10-07T09:31:47
V000217,O000428,P007,1,배송 예정일보다 나흘 늦게 도착했습니다. 배송 상태를 확인하기 위해 고객센터에 문의했지만 정확한 도착 예정일을 바로 안내받지 못했습니다. 제품 자체의 착석감은 괜찮지만 박스 한쪽이 심하게 눌려 있었고 내부 완충재도 일부 찢어져 있었습니다. 상품 문제보다 배송과 포장 과정에 대한 개선이 필요해 보이며 다음 구매에서는 배송 품질이 개선되었으면 좋겠습니다.,2026-10-07T16:35:13
V000218,O000429,P002,4,배송 일정이 안내된 날짜와 거의 맞았고 포장 상태도 깔끔했습니다. 제품 설명과 실제 상품의 차이가 크지 않아 전반적으로 만족합니다.,2026-10-07T15:45:42
V000219,O000430,P007,5,배송 일정이 안내된 날짜와 거의 맞았고 포장 상태도 깔끔했습니다. 제품 설명과 실제 상품의 차이가 크지 않아 전반적으로 만족합니다.,2026-10-07T16:23:44
V000220,O000431,P001,5,배송 일정이 안내된 날짜와 거의 맞았고 포장 상태도 깔끔했습니다. 제품 설명과 실제 상품의 차이가 크지 않아 전반적으로 만족합니다.,2026-10-07T15:52:50
V000221,O000434,P003,5,제품 품질이 기대한 수준이었고 설치 과정도 어렵지 않았습니다. 주문부터 배송까지 특별한 문제 없이 진행되어 재구매 의향이 있습니다.,2026-10-07T17:11:46
V000222,O000435,P003,5,제품 품질이 기대한 수준이었고 설치 과정도 어렵지 않았습니다. 주문부터 배송까지 특별한 문제 없이 진행되어 재구매 의향이 있습니다.,2026-10-07T20:15:17
V000223,O000437,P004,5,배송 일정이 안내된 날짜와 거의 맞았고 포장 상태도 깔끔했습니다. 제품 설명과 실제 상품의 차이가 크지 않아 전반적으로 만족합니다.,2026-10-07T11:12:13
V000224,O000438,P004,5,제품 품질이 기대한 수준이었고 설치 과정도 어렵지 않았습니다. 주문부터 배송까지 특별한 문제 없이 진행되어 재구매 의향이 있습니다.,2026-10-07T16:44:40
V000225,O000440,P001,4,제품 품질이 기대한 수준이었고 설치 과정도 어렵지 않았습니다. 주문부터 배송까지 특별한 문제 없이 진행되어 재구매 의향이 있습니다.,2026-10-07T14:09:03
V000226,O000441,P001,5,배송 일정이 안내된 날짜와 거의 맞았고 포장 상태도 깔끔했습니다. 제품 설명과 실제 상품의 차이가 크지 않아 전반적으로 만족합니다.,2026-10-07T20:18:13
V000227,O000453,P004,5,제품 품질이 기대한 수준이었고 설치 과정도 어렵지 않았습니다. 주문부터 배송까지 특별한 문제 없이 진행되어 재구매 의향이 있습니다.,2026-10-07T13:24:58
V000228,O000454,P003,5,배송 일정이 안내된 날짜와 거의 맞았고 포장 상태도 깔끔했습니다. 제품 설명과 실제 상품의 차이가 크지 않아 전반적으로 만족합니다.,2026-10-07T15:02:18
V000229,O000457,P007,1,배송 예정일보다 나흘 늦게 도착했습니다. 배송 상태를 확인하기 위해 고객센터에 문의했지만 정확한 도착 예정일을 바로 안내받지 못했습니다. 제품 자체의 착석감은 괜찮지만 박스 한쪽이 심하게 눌려 있었고 내부 완충재도 일부 찢어져 있었습니다. 상품 문제보다 배송과 포장 과정에 대한 개선이 필요해 보이며 다음 구매에서는 배송 품질이 개선되었으면 좋겠습니다.,2026-10-07T18:09:01
V000230,O000458,P003,5,배송 일정이 안내된 날짜와 거의 맞았고 포장 상태도 깔끔했습니다. 제품 설명과 실제 상품의 차이가 크지 않아 전반적으로 만족합니다.,2026-10-07T12:26:24
V000231,O000460,P001,5,제품 품질이 기대한 수준이었고 설치 과정도 어렵지 않았습니다. 주문부터 배송까지 특별한 문제 없이 진행되어 재구매 의향이 있습니다.,2026-10-07T12:50:43
V000232,O000463,P002,5,제품 품질이 기대한 수준이었고 설치 과정도 어렵지 않았습니다. 주문부터 배송까지 특별한 문제 없이 진행되어 재구매 의향이 있습니다.,2026-10-07T21:35:09
V000233,O000464,P007,5,배송 일정이 안내된 날짜와 거의 맞았고 포장 상태도 깔끔했습니다. 제품 설명과 실제 상품의 차이가 크지 않아 전반적으로 만족합니다.,2026-10-07T19:47:57
V000234,O000466,P007,3,"주문할 때 표시된 예상 배송일을 지나서 상품을 받았습니다. 배송 지연 안내가 미리 오지 않아 일정을 조정해야 했고, 도착한 박스 모서리도 파손되어 있었습니다. 의자는 사용할 수 있는 상태였지만 선물용으로 주문한 고객이라면 문제가 될 정도였습니다. 배송 추적 정보와 포장 검수 과정이 더 정확했으면 좋겠습니다. 제품 자체의 기능보다 배송 경험 때문에 낮은 점수를 줍니다.",2026-10-07T18:35:04
V000235,O000467,P004,5,제품 품질이 기대한 수준이었고 설치 과정도 어렵지 않았습니다. 주문부터 배송까지 특별한 문제 없이 진행되어 재구매 의향이 있습니다.,2026-10-07T12:39:04
V000236,O000469,P002,5,제품 품질이 기대한 수준이었고 설치 과정도 어렵지 않았습니다. 주문부터 배송까지 특별한 문제 없이 진행되어 재구매 의향이 있습니다.,2026-10-07T19:41:27
V000237,O000470,P002,5,배송 일정이 안내된 날짜와 거의 맞았고 포장 상태도 깔끔했습니다. 제품 설명과 실제 상품의 차이가 크지 않아 전반적으로 만족합니다.,2026-10-07T16:06:11
V000238,O000471,P001,5,제품 품질이 기대한 수준이었고 설치 과정도 어렵지 않았습니다. 주문부터 배송까지 특별한 문제 없이 진행되어 재구매 의향이 있습니다.,2026-10-07T19:04:57
V000239,O000472,P002,4,제품 품질이 기대한 수준이었고 설치 과정도 어렵지 않았습니다. 주문부터 배송까지 특별한 문제 없이 진행되어 재구매 의향이 있습니다.,2026-10-07T12:34:57
V000240,O000475,P001,5,배송 일정이 안내된 날짜와 거의 맞았고 포장 상태도 깔끔했습니다. 제품 설명과 실제 상품의 차이가 크지 않아 전반적으로 만족합니다.,2026-10-07T18:55:09
V000241,O000478,P002,5,배송 일정이 안내된 날짜와 거의 맞았고 포장 상태도 깔끔했습니다. 제품 설명과 실제 상품의 차이가 크지 않아 전반적으로 만족합니다.,2026-10-07T16:36:11
V000242,O000479,P002,5,배송 일정이 안내된 날짜와 거의 맞았고 포장 상태도 깔끔했습니다. 제품 설명과 실제 상품의 차이가 크지 않아 전반적으로 만족합니다.,2026-10-07T14:22:52
V000243,O000480,P001,4,제품 품질이 기대한 수준이었고 설치 과정도 어렵지 않았습니다. 주문부터 배송까지 특별한 문제 없이 진행되어 재구매 의향이 있습니다.,2026-10-07T09:32:41
V000244,O000481,P007,2,배송 예정일보다 나흘 늦게 도착했습니다. 배송 상태를 확인하기 위해 고객센터에 문의했지만 정확한 도착 예정일을 바로 안내받지 못했습니다. 제품 자체의 착석감은 괜찮지만 박스 한쪽이 심하게 눌려 있었고 내부 완충재도 일부 찢어져 있었습니다. 상품 문제보다 배송과 포장 과정에 대한 개선이 필요해 보이며 다음 구매에서는 배송 품질이 개선되었으면 좋겠습니다.,2026-10-07T14:51:21
V000245,O000486,P001,4,배송 일정이 안내된 날짜와 거의 맞았고 포장 상태도 깔끔했습니다. 제품 설명과 실제 상품의 차이가 크지 않아 전반적으로 만족합니다.,2026-10-07T15:38:37
V000246,O000487,P007,5,배송 일정이 안내된 날짜와 거의 맞았고 포장 상태도 깔끔했습니다. 제품 설명과 실제 상품의 차이가 크지 않아 전반적으로 만족합니다.,2026-10-07T10:30:57
V000247,O000489,P003,5,제품 품질이 기대한 수준이었고 설치 과정도 어렵지 않았습니다. 주문부터 배송까지 특별한 문제 없이 진행되어 재구매 의향이 있습니다.,2026-10-07T16:27:14
V000248,O000491,P001,5,배송 일정이 안내된 날짜와 거의 맞았고 포장 상태도 깔끔했습니다. 제품 설명과 실제 상품의 차이가 크지 않아 전반적으로 만족합니다.,2026-10-07T14:16:12
V000249,O000492,P002,5,제품 품질이 기대한 수준이었고 설치 과정도 어렵지 않았습니다. 주문부터 배송까지 특별한 문제 없이 진행되어 재구매 의향이 있습니다.,2026-10-07T20:20:26
V000250,O000493,P003,5,제품 품질이 기대한 수준이었고 설치 과정도 어렵지 않았습니다. 주문부터 배송까지 특별한 문제 없이 진행되어 재구매 의향이 있습니다.,2026-10-07T17:17:43
V000251,O000494,P003,4,배송 일정이 안내된 날짜와 거의 맞았고 포장 상태도 깔끔했습니다. 제품 설명과 실제 상품의 차이가 크지 않아 전반적으로 만족합니다.,2026-10-07T12:36:22
V000252,O000495,P003,5,배송 일정이 안내된 날짜와 거의 맞았고 포장 상태도 깔끔했습니다. 제품 설명과 실제 상품의 차이가 크지 않아 전반적으로 만족합니다.,2026-10-07T09:13:32
V000253,O000496,P007,2,"주문할 때 표시된 예상 배송일을 지나서 상품을 받았습니다. 배송 지연 안내가 미리 오지 않아 일정을 조정해야 했고, 도착한 박스 모서리도 파손되어 있었습니다. 의자는 사용할 수 있는 상태였지만 선물용으로 주문한 고객이라면 문제가 될 정도였습니다. 배송 추적 정보와 포장 검수 과정이 더 정확했으면 좋겠습니다. 제품 자체의 기능보다 배송 경험 때문에 낮은 점수를 줍니다.",2026-10-07T21:09:30
V000254,O000500,P004,5,배송 일정이 안내된 날짜와 거의 맞았고 포장 상태도 깔끔했습니다. 제품 설명과 실제 상품의 차이가 크지 않아 전반적으로 만족합니다.,2026-10-07T12:49:25
